<?xml version="1.0" ?>
<RDF xmlns:rdf="http://www.w3.org/1999/02/22-rdf-syntax-ns#" xmlns:xsi="http://www.w3.org/2001/XMLSchema-instance" xsi:schemaLocation="http://www.w3.org/1999/02/22-rdf-syntax-ns# rdf.xsd">
  <channel rdf:about="http://www.ecb.europa.eu/rss/ils.html">
    <title>ECB | Israeli shekel (ILS) - Euro foreign exchange reference rates</title>
      <link>http://www.ecb.europa.eu/home/html/rss.en.html</link>
    <description>The reference rates are based on the regular daily concertation procedure between central banks within and outside the European System of Central Banks, which normally takes place at 2.15 p.m. (14:15) ECB time.</description>
    <items>
      <Seq>
        <li rdf:resource="http://www.ecb.europa.eu/stats/exchange/eurofxref/html/eurofxref-graph-ils.en.html?date=2024-10-14&amp;rate=4.1029"/>
        <li rdf:resource="http://www.ecb.europa.eu/stats/exchange/eurofxref/html/eurofxref-graph-ils.en.html?date=2024-10-11&amp;rate=4.1103"/>
        <li rdf:resource="http://www.ecb.europa.eu/stats/exchange/eurofxref/html/eurofxref-graph-ils.en.html?date=2024-10-10&amp;rate=4.1238"/>
        <li rdf:resource="http://www.ecb.europa.eu/stats/exchange/eurofxref/html/eurofxref-graph-ils.en.html?date=2024-10-09&amp;rate=4.1205"/>
        <li rdf:resource="http://www.ecb.europa.eu/stats/exchange/eurofxref/html/eurofxref-graph-ils.en.html?date=2024-10-08&amp;rate=4.1473"/>
       </Seq>
     </items>
    <publisher>European Central Bank</publisher>
    <license>http://www.ecb.europa.eu/home/html/disclaimer.en.html</license>
   </channel>
  <item rdf:about="http://www.ecb.europa.eu/stats/exchange/eurofxref/html/eurofxref-graph-ils.en.html?date=2024-10-14&amp;rate=4.1029">
    <title xml:lang="en">4.1029 ILS = 1 EUR 2024-10-14 ECB Reference rate</title>
    <link>http://www.ecb.europa.eu/stats/exchange/eurofxref/html/eurofxref-graph-ils.en.html?date=2024-10-14&amp;rate=4.1029</link>
    <description xml:lang="en">1 EUR buys 4.1029 Israeli shekel (ILS) - The reference exchange rates are published both by electronic market information providers and on the ECB's website shortly after the concertation procedure has been completed. Reference rates are published according to the same  calendar as the TARGET system.</description>
    <date>2024-10-14T14:15:00+01:00</date>
    <language>en</language>
    <statistics>
      <country>U2</country>
      <institutionAbbrev>ECB</institutionAbbrev>
      <exchangeRate>
        <value frequency="daily" decimals="4">4.1029</value>
        <baseCurrency unit_mult="0">EUR</baseCurrency>
        <targetCurrency>ILS</targetCurrency>
        <rateType>Reference rate</rateType>
       </exchangeRate>
     </statistics>
   </item>
  <item rdf:about="http://www.ecb.europa.eu/stats/exchange/eurofxref/html/eurofxref-graph-ils.en.html?date=2024-10-11&amp;rate=4.1103">
    <title xml:lang="en">4.1103 ILS = 1 EUR 2024-10-11 ECB Reference rate</title>
    <link>http://www.ecb.europa.eu/stats/exchange/eurofxref/html/eurofxref-graph-ils.en.html?date=2024-10-11&amp;rate=4.1103</link>
    <description xml:lang="en">1 EUR buys 4.1103 Israeli shekel (ILS) - The reference exchange rates are published both by electronic market information providers and on the ECB's website shortly after the concertation procedure has been completed. Reference rates are published according to the same  calendar as the TARGET system.</description>
    <date>2024-10-11T14:15:00+01:00</date>
    <language>en</language>
    <statistics>
      <country>U2</country>
      <institutionAbbrev>ECB</institutionAbbrev>
      <exchangeRate>
        <value frequency="daily" decimals="4">4.1103</value>
        <baseCurrency unit_mult="0">EUR</baseCurrency>
        <targetCurrency>ILS</targetCurrency>
        <rateType>Reference rate</rateType>
       </exchangeRate>
     </statistics>
   </item>
  <item rdf:about="http://www.ecb.europa.eu/stats/exchange/eurofxref/html/eurofxref-graph-ils.en.html?date=2024-10-10&amp;rate=4.1238">
    <title xml:lang="en">4.1238 ILS = 1 EUR 2024-10-10 ECB Reference rate</title>
    <link>http://www.ecb.europa.eu/stats/exchange/eurofxref/html/eurofxref-graph-ils.en.html?date=2024-10-10&amp;rate=4.1238</link>
    <description xml:lang="en">1 EUR buys 4.1238 Israeli shekel (ILS) - The reference exchange rates are published both by electronic market information providers and on the ECB's website shortly after the concertation procedure has been completed. Reference rates are published according to the same  calendar as the TARGET system.</description>
    <date>2024-10-10T14:15:00+01:00</date>
    <language>en</language>
    <statistics>
      <country>U2</country>
      <institutionAbbrev>ECB</institutionAbbrev>
      <exchangeRate>
        <value frequency="daily" decimals="4">4.1238</value>
        <baseCurrency unit_mult="0">EUR</baseCurrency>
        <targetCurrency>ILS</targetCurrency>
        <rateType>Reference rate</rateType>
       </exchangeRate>
     </statistics>
   </item>
  <item rdf:about="http://www.ecb.europa.eu/stats/exchange/eurofxref/html/eurofxref-graph-ils.en.html?date=2024-10-09&amp;rate=4.1205">
    <title xml:lang="en">4.1205 ILS = 1 EUR 2024-10-09 ECB Reference rate</title>
    <link>http://www.ecb.europa.eu/stats/exchange/eurofxref/html/eurofxref-graph-ils.en.html?date=2024-10-09&amp;rate=4.1205</link>
    <description xml:lang="en">1 EUR buys 4.1205 Israeli shekel (ILS) - The reference exchange rates are published both by electronic market information providers and on the ECB's website shortly after the concertation procedure has been completed. Reference rates are published according to the same  calendar as the TARGET system.</description>
    <date>2024-10-09T14:15:00+01:00</date>
    <language>en</language>
    <statistics>
      <country>U2</country>
      <institutionAbbrev>ECB</institutionAbbrev>
      <exchangeRate>
        <value frequency="daily" decimals="4">4.1205</value>
        <baseCurrency unit_mult="0">EUR</baseCurrency>
        <targetCurrency>ILS</targetCurrency>
        <rateType>Reference rate</rateType>
       </exchangeRate>
     </statistics>
   </item>
  <item rdf:about="http://www.ecb.europa.eu/stats/exchange/eurofxref/html/eurofxref-graph-ils.en.html?date=2024-10-08&amp;rate=4.1473">
    <title xml:lang="en">4.1473 ILS = 1 EUR 2024-10-08 ECB Reference rate</title>
    <link>http://www.ecb.europa.eu/stats/exchange/eurofxref/html/eurofxref-graph-ils.en.html?date=2024-10-08&amp;rate=4.1473</link>
    <description xml:lang="en">1 EUR buys 4.1473 Israeli shekel (ILS) - The reference exchange rates are published both by electronic market information providers and on the ECB's website shortly after the concertation procedure has been completed. Reference rates are published according to the same  calendar as the TARGET system.</description>
    <date>2024-10-08T14:15:00+01:00</date>
    <language>en</language>
    <statistics>
      <country>U2</country>
      <institutionAbbrev>ECB</institutionAbbrev>
      <exchangeRate>
        <value frequency="daily" decimals="4">4.1473</value>
        <baseCurrency unit_mult="0">EUR</baseCurrency>
        <targetCurrency>ILS</targetCurrency>
        <rateType>Reference rate</rateType>
       </exchangeRate>
     </statistics>
   </item>
 </RDF>
