<?xml version="1.0" ?>
<RDF xmlns:rdf="http://www.w3.org/1999/02/22-rdf-syntax-ns#" xmlns:xsi="http://www.w3.org/2001/XMLSchema-instance" xsi:schemaLocation="http://www.w3.org/1999/02/22-rdf-syntax-ns# rdf.xsd">
  <channel rdf:about="http://www.ecb.europa.eu/rss/idr.html">
    <title>ECB | Indonesian rupiah (IDR) - Euro foreign exchange reference rates</title>
      <link>http://www.ecb.europa.eu/home/html/rss.en.html</link>
    <description>The reference rates are based on the regular daily concertation procedure between central banks within and outside the European System of Central Banks, which normally takes place at 2.15 p.m. (14:15) ECB time.</description>
    <items>
      <Seq>
        <li rdf:resource="http://www.ecb.europa.eu/stats/exchange/eurofxref/html/eurofxref-graph-idr.en.html?date=2024-10-14&amp;rate=17019.81"/>
        <li rdf:resource="http://www.ecb.europa.eu/stats/exchange/eurofxref/html/eurofxref-graph-idr.en.html?date=2024-10-11&amp;rate=17043.21"/>
        <li rdf:resource="http://www.ecb.europa.eu/stats/exchange/eurofxref/html/eurofxref-graph-idr.en.html?date=2024-10-10&amp;rate=17165.59"/>
        <li rdf:resource="http://www.ecb.europa.eu/stats/exchange/eurofxref/html/eurofxref-graph-idr.en.html?date=2024-10-09&amp;rate=17130.12"/>
        <li rdf:resource="http://www.ecb.europa.eu/stats/exchange/eurofxref/html/eurofxref-graph-idr.en.html?date=2024-10-08&amp;rate=17183.10"/>
       </Seq>
     </items>
    <publisher>European Central Bank</publisher>
    <license>http://www.ecb.europa.eu/home/html/disclaimer.en.html</license>
   </channel>
  <item rdf:about="http://www.ecb.europa.eu/stats/exchange/eurofxref/html/eurofxref-graph-idr.en.html?date=2024-10-14&amp;rate=17019.81">
    <title xml:lang="en">17019.81 IDR = 1 EUR 2024-10-14 ECB Reference rate</title>
    <link>http://www.ecb.europa.eu/stats/exchange/eurofxref/html/eurofxref-graph-idr.en.html?date=2024-10-14&amp;rate=17019.81</link>
    <description xml:lang="en">1 EUR buys 17019.81 Indonesian rupiah (IDR) - The reference exchange rates are published both by electronic market information providers and on the ECB's website shortly after the concertation procedure has been completed. Reference rates are published according to the same  calendar as the TARGET system.</description>
    <date>2024-10-14T14:15:00+01:00</date>
    <language>en</language>
    <statistics>
      <country>U2</country>
      <institutionAbbrev>ECB</institutionAbbrev>
      <exchangeRate>
        <value frequency="daily" decimals="2">17019.81</value>
        <baseCurrency unit_mult="0">EUR</baseCurrency>
        <targetCurrency>IDR</targetCurrency>
        <rateType>Reference rate</rateType>
       </exchangeRate>
     </statistics>
   </item>
  <item rdf:about="http://www.ecb.europa.eu/stats/exchange/eurofxref/html/eurofxref-graph-idr.en.html?date=2024-10-11&amp;rate=17043.21">
    <title xml:lang="en">17043.21 IDR = 1 EUR 2024-10-11 ECB Reference rate</title>
    <link>http://www.ecb.europa.eu/stats/exchange/eurofxref/html/eurofxref-graph-idr.en.html?date=2024-10-11&amp;rate=17043.21</link>
    <description xml:lang="en">1 EUR buys 17043.21 Indonesian rupiah (IDR) - The reference exchange rates are published both by electronic market information providers and on the ECB's website shortly after the concertation procedure has been completed. Reference rates are published according to the same  calendar as the TARGET system.</description>
    <date>2024-10-11T14:15:00+01:00</date>
    <language>en</language>
    <statistics>
      <country>U2</country>
      <institutionAbbrev>ECB</institutionAbbrev>
      <exchangeRate>
        <value frequency="daily" decimals="2">17043.21</value>
        <baseCurrency unit_mult="0">EUR</baseCurrency>
        <targetCurrency>IDR</targetCurrency>
        <rateType>Reference rate</rateType>
       </exchangeRate>
     </statistics>
   </item>
  <item rdf:about="http://www.ecb.europa.eu/stats/exchange/eurofxref/html/eurofxref-graph-idr.en.html?date=2024-10-10&amp;rate=17165.59">
    <title xml:lang="en">17165.59 IDR = 1 EUR 2024-10-10 ECB Reference rate</title>
    <link>http://www.ecb.europa.eu/stats/exchange/eurofxref/html/eurofxref-graph-idr.en.html?date=2024-10-10&amp;rate=17165.59</link>
    <description xml:lang="en">1 EUR buys 17165.59 Indonesian rupiah (IDR) - The reference exchange rates are published both by electronic market information providers and on the ECB's website shortly after the concertation procedure has been completed. Reference rates are published according to the same  calendar as the TARGET system.</description>
    <date>2024-10-10T14:15:00+01:00</date>
    <language>en</language>
    <statistics>
      <country>U2</country>
      <institutionAbbrev>ECB</institutionAbbrev>
      <exchangeRate>
        <value frequency="daily" decimals="2">17165.59</value>
        <baseCurrency unit_mult="0">EUR</baseCurrency>
        <targetCurrency>IDR</targetCurrency>
        <rateType>Reference rate</rateType>
       </exchangeRate>
     </statistics>
   </item>
  <item rdf:about="http://www.ecb.europa.eu/stats/exchange/eurofxref/html/eurofxref-graph-idr.en.html?date=2024-10-09&amp;rate=17130.12">
    <title xml:lang="en">17130.12 IDR = 1 EUR 2024-10-09 ECB Reference rate</title>
    <link>http://www.ecb.europa.eu/stats/exchange/eurofxref/html/eurofxref-graph-idr.en.html?date=2024-10-09&amp;rate=17130.12</link>
    <description xml:lang="en">1 EUR buys 17130.12 Indonesian rupiah (IDR) - The reference exchange rates are published both by electronic market information providers and on the ECB's website shortly after the concertation procedure has been completed. Reference rates are published according to the same  calendar as the TARGET system.</description>
    <date>2024-10-09T14:15:00+01:00</date>
    <language>en</language>
    <statistics>
      <country>U2</country>
      <institutionAbbrev>ECB</institutionAbbrev>
      <exchangeRate>
        <value frequency="daily" decimals="2">17130.12</value>
        <baseCurrency unit_mult="0">EUR</baseCurrency>
        <targetCurrency>IDR</targetCurrency>
        <rateType>Reference rate</rateType>
       </exchangeRate>
     </statistics>
   </item>
  <item rdf:about="http://www.ecb.europa.eu/stats/exchange/eurofxref/html/eurofxref-graph-idr.en.html?date=2024-10-08&amp;rate=17183.10">
    <title xml:lang="en">17183.10 IDR = 1 EUR 2024-10-08 ECB Reference rate</title>
    <link>http://www.ecb.europa.eu/stats/exchange/eurofxref/html/eurofxref-graph-idr.en.html?date=2024-10-08&amp;rate=17183.10</link>
    <description xml:lang="en">1 EUR buys 17183.10 Indonesian rupiah (IDR) - The reference exchange rates are published both by electronic market information providers and on the ECB's website shortly after the concertation procedure has been completed. Reference rates are published according to the same  calendar as the TARGET system.</description>
    <date>2024-10-08T14:15:00+01:00</date>
    <language>en</language>
    <statistics>
      <country>U2</country>
      <institutionAbbrev>ECB</institutionAbbrev>
      <exchangeRate>
        <value frequency="daily" decimals="2">17183.10</value>
        <baseCurrency unit_mult="0">EUR</baseCurrency>
        <targetCurrency>IDR</targetCurrency>
        <rateType>Reference rate</rateType>
       </exchangeRate>
     </statistics>
   </item>
 </RDF>
