<?xml version="1.0" ?>
<RDF xmlns="http://purl.org/rss/1.0/" xmlns:cb="http://www.cbwiki.net/wiki/index.php/Specification_1.1" xmlns:dc="http://purl.org/dc/elements/1.1/" xmlns:dcterms="http://purl.org/dc/terms/" xmlns:rdf="http://www.w3.org/1999/02/22-rdf-syntax-ns#" xmlns:xsi="http://www.w3.org/2001/XMLSchema-instance" xsi:schemaLocation="http://www.w3.org/1999/02/22-rdf-syntax-ns# rdf.xsd">
  <channel rdf:about="http://www.ecb.europa.eu/rss/nzd.html">
    <title>ECB | New Zealand dollar (NZD) - Euro foreign exchange reference rates</title>
      <link>http://www.ecb.europa.eu/home/html/rss.en.html</link>
    <description>The reference rates are based on the regular daily concertation procedure between central banks within and outside the European System of Central Banks, which normally takes place at 2.15 p.m. (14:15) ECB time.</description>
    <items>
      <Seq>
        <li rdf:resource="http://www.ecb.europa.eu/stats/exchange/eurofxref/html/eurofxref-graph-nzd.en.html?date=2024-10-15&amp;rate=1.7902"/>
        <li rdf:resource="http://www.ecb.europa.eu/stats/exchange/eurofxref/html/eurofxref-graph-nzd.en.html?date=2024-10-14&amp;rate=1.7948"/>
        <li rdf:resource="http://www.ecb.europa.eu/stats/exchange/eurofxref/html/eurofxref-graph-nzd.en.html?date=2024-10-11&amp;rate=1.7941"/>
        <li rdf:resource="http://www.ecb.europa.eu/stats/exchange/eurofxref/html/eurofxref-graph-nzd.en.html?date=2024-10-10&amp;rate=1.7998"/>
        <li rdf:resource="http://www.ecb.europa.eu/stats/exchange/eurofxref/html/eurofxref-graph-nzd.en.html?date=2024-10-09&amp;rate=1.8038"/>
       </Seq>
     </items>
    <publisher>European Central Bank</publisher>
    <license>http://www.ecb.europa.eu/home/html/disclaimer.en.html</license>
   </channel>
  <item rdf:about="http://www.ecb.europa.eu/stats/exchange/eurofxref/html/eurofxref-graph-nzd.en.html?date=2024-10-15&amp;rate=1.7902">
    <title xml:lang="en">1.7902 NZD = 1 EUR 2024-10-15 ECB Reference rate</title>
    <link>http://www.ecb.europa.eu/stats/exchange/eurofxref/html/eurofxref-graph-nzd.en.html?date=2024-10-15&amp;rate=1.7902</link>
    <description xml:lang="en">1 EUR buys 1.7902 New Zealand dollar (NZD) - The reference exchange rates are published both by electronic market information providers and on the ECB's website shortly after the concertation procedure has been completed. Reference rates are published according to the same  calendar as the TARGET system.</description>
    <date>2024-10-15T14:15:00+01:00</date>
    <language>en</language>
    <statistics>
      <country>U2</country>
      <institutionAbbrev>ECB</institutionAbbrev>
      <exchangeRate>
        <value frequency="daily" decimals="4">1.7902</value>
        <baseCurrency unit_mult="0">EUR</baseCurrency>
        <targetCurrency>NZD</targetCurrency>
        <rateType>Reference rate</rateType>
       </exchangeRate>
     </statistics>
   </item>
  <item rdf:about="http://www.ecb.europa.eu/stats/exchange/eurofxref/html/eurofxref-graph-nzd.en.html?date=2024-10-14&amp;rate=1.7948">
    <title xml:lang="en">1.7948 NZD = 1 EUR 2024-10-14 ECB Reference rate</title>
    <link>http://www.ecb.europa.eu/stats/exchange/eurofxref/html/eurofxref-graph-nzd.en.html?date=2024-10-14&amp;rate=1.7948</link>
    <description xml:lang="en">1 EUR buys 1.7948 New Zealand dollar (NZD) - The reference exchange rates are published both by electronic market information providers and on the ECB's website shortly after the concertation procedure has been completed. Reference rates are published according to the same  calendar as the TARGET system.</description>
    <date>2024-10-14T14:15:00+01:00</date>
    <language>en</language>
    <statistics>
      <country>U2</country>
      <institutionAbbrev>ECB</institutionAbbrev>
      <exchangeRate>
        <value frequency="daily" decimals="4">1.7948</value>
        <baseCurrency unit_mult="0">EUR</baseCurrency>
        <targetCurrency>NZD</targetCurrency>
        <rateType>Reference rate</rateType>
       </exchangeRate>
     </statistics>
   </item>
  <item rdf:about="http://www.ecb.europa.eu/stats/exchange/eurofxref/html/eurofxref-graph-nzd.en.html?date=2024-10-11&amp;rate=1.7941">
    <title xml:lang="en">1.7941 NZD = 1 EUR 2024-10-11 ECB Reference rate</title>
    <link>http://www.ecb.europa.eu/stats/exchange/eurofxref/html/eurofxref-graph-nzd.en.html?date=2024-10-11&amp;rate=1.7941</link>
    <description xml:lang="en">1 EUR buys 1.7941 New Zealand dollar (NZD) - The reference exchange rates are published both by electronic market information providers and on the ECB's website shortly after the concertation procedure has been completed. Reference rates are published according to the same  calendar as the TARGET system.</description>
    <date>2024-10-11T14:15:00+01:00</date>
    <language>en</language>
    <statistics>
      <country>U2</country>
      <institutionAbbrev>ECB</institutionAbbrev>
      <exchangeRate>
        <value frequency="daily" decimals="4">1.7941</value>
        <baseCurrency unit_mult="0">EUR</baseCurrency>
        <targetCurrency>NZD</targetCurrency>
        <rateType>Reference rate</rateType>
       </exchangeRate>
     </statistics>
   </item>
  <item rdf:about="http://www.ecb.europa.eu/stats/exchange/eurofxref/html/eurofxref-graph-nzd.en.html?date=2024-10-10&amp;rate=1.7998">
    <title xml:lang="en">1.7998 NZD = 1 EUR 2024-10-10 ECB Reference rate</title>
    <link>http://www.ecb.europa.eu/stats/exchange/eurofxref/html/eurofxref-graph-nzd.en.html?date=2024-10-10&amp;rate=1.7998</link>
    <description xml:lang="en">1 EUR buys 1.7998 New Zealand dollar (NZD) - The reference exchange rates are published both by electronic market information providers and on the ECB's website shortly after the concertation procedure has been completed. Reference rates are published according to the same  calendar as the TARGET system.</description>
    <date>2024-10-10T14:15:00+01:00</date>
    <language>en</language>
    <statistics>
      <country>U2</country>
      <institutionAbbrev>ECB</institutionAbbrev>
      <exchangeRate>
        <value frequency="daily" decimals="4">1.7998</value>
        <baseCurrency unit_mult="0">EUR</baseCurrency>
        <targetCurrency>NZD</targetCurrency>
        <rateType>Reference rate</rateType>
       </exchangeRate>
     </statistics>
   </item>
  <item rdf:about="http://www.ecb.europa.eu/stats/exchange/eurofxref/html/eurofxref-graph-nzd.en.html?date=2024-10-09&amp;rate=1.8038">
    <title xml:lang="en">1.8038 NZD = 1 EUR 2024-10-09 ECB Reference rate</title>
    <link>http://www.ecb.europa.eu/stats/exchange/eurofxref/html/eurofxref-graph-nzd.en.html?date=2024-10-09&amp;rate=1.8038</link>
    <description xml:lang="en">1 EUR buys 1.8038 New Zealand dollar (NZD) - The reference exchange rates are published both by electronic market information providers and on the ECB's website shortly after the concertation procedure has been completed. Reference rates are published according to the same  calendar as the TARGET system.</description>
    <date>2024-10-09T14:15:00+01:00</date>
    <language>en</language>
    <statistics>
      <country>U2</country>
      <institutionAbbrev>ECB</institutionAbbrev>
      <exchangeRate>
        <value frequency="daily" decimals="4">1.8038</value>
        <baseCurrency unit_mult="0">EUR</baseCurrency>
        <targetCurrency>NZD</targetCurrency>
        <rateType>Reference rate</rateType>
       </exchangeRate>
     </statistics>
   </item>
 </RDF>
