<?xml version="1.0" ?>
<RDF xmlns:rdf="http://www.w3.org/1999/02/22-rdf-syntax-ns#" xmlns:xsi="http://www.w3.org/2001/XMLSchema-instance" xsi:schemaLocation="http://www.w3.org/1999/02/22-rdf-syntax-ns# rdf.xsd">
  <channel rdf:about="http://www.ecb.europa.eu/rss/brl.html">
    <title>ECB | Brazilian real (BRL) - Euro foreign exchange reference rates</title>
      <link>http://www.ecb.europa.eu/home/html/rss.en.html</link>
    <description>The reference rates are based on the regular daily concertation procedure between central banks within and outside the European System of Central Banks, which normally takes place at 2.15 p.m. (14:15) ECB time.</description>
    <items>
      <Seq>
        <li rdf:resource="http://www.ecb.europa.eu/stats/exchange/eurofxref/html/eurofxref-graph-brl.en.html?date=2024-10-14&amp;rate=6.1443"/>
        <li rdf:resource="http://www.ecb.europa.eu/stats/exchange/eurofxref/html/eurofxref-graph-brl.en.html?date=2024-10-11&amp;rate=6.0886"/>
        <li rdf:resource="http://www.ecb.europa.eu/stats/exchange/eurofxref/html/eurofxref-graph-brl.en.html?date=2024-10-10&amp;rate=6.1061"/>
        <li rdf:resource="http://www.ecb.europa.eu/stats/exchange/eurofxref/html/eurofxref-graph-brl.en.html?date=2024-10-09&amp;rate=6.0743"/>
        <li rdf:resource="http://www.ecb.europa.eu/stats/exchange/eurofxref/html/eurofxref-graph-brl.en.html?date=2024-10-08&amp;rate=6.0528"/>
       </Seq>
     </items>
    <publisher>European Central Bank</publisher>
    <license>http://www.ecb.europa.eu/home/html/disclaimer.en.html</license>
   </channel>
  <item rdf:about="http://www.ecb.europa.eu/stats/exchange/eurofxref/html/eurofxref-graph-brl.en.html?date=2024-10-14&amp;rate=6.1443">
    <title xml:lang="en">6.1443 BRL = 1 EUR 2024-10-14 ECB Reference rate</title>
    <link>http://www.ecb.europa.eu/stats/exchange/eurofxref/html/eurofxref-graph-brl.en.html?date=2024-10-14&amp;rate=6.1443</link>
    <description xml:lang="en">1 EUR buys 6.1443 Brazilian real (BRL) - The reference exchange rates are published both by electronic market information providers and on the ECB's website shortly after the concertation procedure has been completed. Reference rates are published according to the same  calendar as the TARGET system.</description>
    <date>2024-10-14T14:15:00+01:00</date>
    <language>en</language>
    <statistics>
      <country>U2</country>
      <institutionAbbrev>ECB</institutionAbbrev>
      <exchangeRate>
        <value frequency="daily" decimals="4">6.1443</value>
        <baseCurrency unit_mult="0">EUR</baseCurrency>
        <targetCurrency>BRL</targetCurrency>
        <rateType>Reference rate</rateType>
       </exchangeRate>
     </statistics>
   </item>
  <item rdf:about="http://www.ecb.europa.eu/stats/exchange/eurofxref/html/eurofxref-graph-brl.en.html?date=2024-10-11&amp;rate=6.0886">
    <title xml:lang="en">6.0886 BRL = 1 EUR 2024-10-11 ECB Reference rate</title>
    <link>http://www.ecb.europa.eu/stats/exchange/eurofxref/html/eurofxref-graph-brl.en.html?date=2024-10-11&amp;rate=6.0886</link>
    <description xml:lang="en">1 EUR buys 6.0886 Brazilian real (BRL) - The reference exchange rates are published both by electronic market information providers and on the ECB's website shortly after the concertation procedure has been completed. Reference rates are published according to the same  calendar as the TARGET system.</description>
    <date>2024-10-11T14:15:00+01:00</date>
    <language>en</language>
    <statistics>
      <country>U2</country>
      <institutionAbbrev>ECB</institutionAbbrev>
      <exchangeRate>
        <value frequency="daily" decimals="4">6.0886</value>
        <baseCurrency unit_mult="0">EUR</baseCurrency>
        <targetCurrency>BRL</targetCurrency>
        <rateType>Reference rate</rateType>
       </exchangeRate>
     </statistics>
   </item>
  <item rdf:about="http://www.ecb.europa.eu/stats/exchange/eurofxref/html/eurofxref-graph-brl.en.html?date=2024-10-10&amp;rate=6.1061">
    <title xml:lang="en">6.1061 BRL = 1 EUR 2024-10-10 ECB Reference rate</title>
    <link>http://www.ecb.europa.eu/stats/exchange/eurofxref/html/eurofxref-graph-brl.en.html?date=2024-10-10&amp;rate=6.1061</link>
    <description xml:lang="en">1 EUR buys 6.1061 Brazilian real (BRL) - The reference exchange rates are published both by electronic market information providers and on the ECB's website shortly after the concertation procedure has been completed. Reference rates are published according to the same  calendar as the TARGET system.</description>
    <date>2024-10-10T14:15:00+01:00</date>
    <language>en</language>
    <statistics>
      <country>U2</country>
      <institutionAbbrev>ECB</institutionAbbrev>
      <exchangeRate>
        <value frequency="daily" decimals="4">6.1061</value>
        <baseCurrency unit_mult="0">EUR</baseCurrency>
        <targetCurrency>BRL</targetCurrency>
        <rateType>Reference rate</rateType>
       </exchangeRate>
     </statistics>
   </item>
  <item rdf:about="http://www.ecb.europa.eu/stats/exchange/eurofxref/html/eurofxref-graph-brl.en.html?date=2024-10-09&amp;rate=6.0743">
    <title xml:lang="en">6.0743 BRL = 1 EUR 2024-10-09 ECB Reference rate</title>
    <link>http://www.ecb.europa.eu/stats/exchange/eurofxref/html/eurofxref-graph-brl.en.html?date=2024-10-09&amp;rate=6.0743</link>
    <description xml:lang="en">1 EUR buys 6.0743 Brazilian real (BRL) - The reference exchange rates are published both by electronic market information providers and on the ECB's website shortly after the concertation procedure has been completed. Reference rates are published according to the same  calendar as the TARGET system.</description>
    <date>2024-10-09T14:15:00+01:00</date>
    <language>en</language>
    <statistics>
      <country>U2</country>
      <institutionAbbrev>ECB</institutionAbbrev>
      <exchangeRate>
        <value frequency="daily" decimals="4">6.0743</value>
        <baseCurrency unit_mult="0">EUR</baseCurrency>
        <targetCurrency>BRL</targetCurrency>
        <rateType>Reference rate</rateType>
       </exchangeRate>
     </statistics>
   </item>
  <item rdf:about="http://www.ecb.europa.eu/stats/exchange/eurofxref/html/eurofxref-graph-brl.en.html?date=2024-10-08&amp;rate=6.0528">
    <title xml:lang="en">6.0528 BRL = 1 EUR 2024-10-08 ECB Reference rate</title>
    <link>http://www.ecb.europa.eu/stats/exchange/eurofxref/html/eurofxref-graph-brl.en.html?date=2024-10-08&amp;rate=6.0528</link>
    <description xml:lang="en">1 EUR buys 6.0528 Brazilian real (BRL) - The reference exchange rates are published both by electronic market information providers and on the ECB's website shortly after the concertation procedure has been completed. Reference rates are published according to the same  calendar as the TARGET system.</description>
    <date>2024-10-08T14:15:00+01:00</date>
    <language>en</language>
    <statistics>
      <country>U2</country>
      <institutionAbbrev>ECB</institutionAbbrev>
      <exchangeRate>
        <value frequency="daily" decimals="4">6.0528</value>
        <baseCurrency unit_mult="0">EUR</baseCurrency>
        <targetCurrency>BRL</targetCurrency>
        <rateType>Reference rate</rateType>
       </exchangeRate>
     </statistics>
   </item>
 </RDF>
