<?xml version="1.0" ?>
<RDF xmlns:rdf="http://www.w3.org/1999/02/22-rdf-syntax-ns#" xmlns:xsi="http://www.w3.org/2001/XMLSchema-instance" xsi:schemaLocation="http://www.w3.org/1999/02/22-rdf-syntax-ns# rdf.xsd">
  <channel rdf:about="http://www.ecb.europa.eu/rss/gbp.html">
    <title>ECB | Pound sterling (GBP) - Euro foreign exchange reference rates</title>
      <link>http://www.ecb.europa.eu/home/html/rss.en.html</link>
    <description>The reference rates are based on the regular daily concertation procedure between central banks within and outside the European System of Central Banks, which normally takes place at 2.15 p.m. (14:15) ECB time.</description>
    <items>
      <Seq>
        <li rdf:resource="http://www.ecb.europa.eu/stats/exchange/eurofxref/html/eurofxref-graph-gbp.en.html?date=2024-10-14&amp;rate=0.83665"/>
        <li rdf:resource="http://www.ecb.europa.eu/stats/exchange/eurofxref/html/eurofxref-graph-gbp.en.html?date=2024-10-11&amp;rate=0.83705"/>
        <li rdf:resource="http://www.ecb.europa.eu/stats/exchange/eurofxref/html/eurofxref-graph-gbp.en.html?date=2024-10-10&amp;rate=0.83686"/>
        <li rdf:resource="http://www.ecb.europa.eu/stats/exchange/eurofxref/html/eurofxref-graph-gbp.en.html?date=2024-10-09&amp;rate=0.83740"/>
        <li rdf:resource="http://www.ecb.europa.eu/stats/exchange/eurofxref/html/eurofxref-graph-gbp.en.html?date=2024-10-08&amp;rate=0.83778"/>
       </Seq>
     </items>
    <publisher>European Central Bank</publisher>
    <license>http://www.ecb.europa.eu/home/html/disclaimer.en.html</license>
   </channel>
  <item rdf:about="http://www.ecb.europa.eu/stats/exchange/eurofxref/html/eurofxref-graph-gbp.en.html?date=2024-10-14&amp;rate=0.83665">
    <title xml:lang="en">0.83665 GBP = 1 EUR 2024-10-14 ECB Reference rate</title>
    <link>http://www.ecb.europa.eu/stats/exchange/eurofxref/html/eurofxref-graph-gbp.en.html?date=2024-10-14&amp;rate=0.83665</link>
    <description xml:lang="en">1 EUR buys 0.83665 Pound sterling (GBP) - The reference exchange rates are published both by electronic market information providers and on the ECB's website shortly after the concertation procedure has been completed. Reference rates are published according to the same  calendar as the TARGET system.</description>
    <date>2024-10-14T14:15:00+01:00</date>
    <language>en</language>
    <statistics>
      <country>U2</country>
      <institutionAbbrev>ECB</institutionAbbrev>
      <exchangeRate>
        <value frequency="daily" decimals="5">0.83665</value>
        <baseCurrency unit_mult="0">EUR</baseCurrency>
        <targetCurrency>GBP</targetCurrency>
        <rateType>Reference rate</rateType>
       </exchangeRate>
     </statistics>
   </item>
  <item rdf:about="http://www.ecb.europa.eu/stats/exchange/eurofxref/html/eurofxref-graph-gbp.en.html?date=2024-10-11&amp;rate=0.83705">
    <title xml:lang="en">0.83705 GBP = 1 EUR 2024-10-11 ECB Reference rate</title>
    <link>http://www.ecb.europa.eu/stats/exchange/eurofxref/html/eurofxref-graph-gbp.en.html?date=2024-10-11&amp;rate=0.83705</link>
    <description xml:lang="en">1 EUR buys 0.83705 Pound sterling (GBP) - The reference exchange rates are published both by electronic market information providers and on the ECB's website shortly after the concertation procedure has been completed. Reference rates are published according to the same  calendar as the TARGET system.</description>
    <date>2024-10-11T14:15:00+01:00</date>
    <language>en</language>
    <statistics>
      <country>U2</country>
      <institutionAbbrev>ECB</institutionAbbrev>
      <exchangeRate>
        <value frequency="daily" decimals="5">0.83705</value>
        <baseCurrency unit_mult="0">EUR</baseCurrency>
        <targetCurrency>GBP</targetCurrency>
        <rateType>Reference rate</rateType>
       </exchangeRate>
     </statistics>
   </item>
  <item rdf:about="http://www.ecb.europa.eu/stats/exchange/eurofxref/html/eurofxref-graph-gbp.en.html?date=2024-10-10&amp;rate=0.83686">
    <title xml:lang="en">0.83686 GBP = 1 EUR 2024-10-10 ECB Reference rate</title>
    <link>http://www.ecb.europa.eu/stats/exchange/eurofxref/html/eurofxref-graph-gbp.en.html?date=2024-10-10&amp;rate=0.83686</link>
    <description xml:lang="en">1 EUR buys 0.83686 Pound sterling (GBP) - The reference exchange rates are published both by electronic market information providers and on the ECB's website shortly after the concertation procedure has been completed. Reference rates are published according to the same  calendar as the TARGET system.</description>
    <date>2024-10-10T14:15:00+01:00</date>
    <language>en</language>
    <statistics>
      <country>U2</country>
      <institutionAbbrev>ECB</institutionAbbrev>
      <exchangeRate>
        <value frequency="daily" decimals="5">0.83686</value>
        <baseCurrency unit_mult="0">EUR</baseCurrency>
        <targetCurrency>GBP</targetCurrency>
        <rateType>Reference rate</rateType>
       </exchangeRate>
     </statistics>
   </item>
  <item rdf:about="http://www.ecb.europa.eu/stats/exchange/eurofxref/html/eurofxref-graph-gbp.en.html?date=2024-10-09&amp;rate=0.83740">
    <title xml:lang="en">0.83740 GBP = 1 EUR 2024-10-09 ECB Reference rate</title>
    <link>http://www.ecb.europa.eu/stats/exchange/eurofxref/html/eurofxref-graph-gbp.en.html?date=2024-10-09&amp;rate=0.83740</link>
    <description xml:lang="en">1 EUR buys 0.83740 Pound sterling (GBP) - The reference exchange rates are published both by electronic market information providers and on the ECB's website shortly after the concertation procedure has been completed. Reference rates are published according to the same  calendar as the TARGET system.</description>
    <date>2024-10-09T14:15:00+01:00</date>
    <language>en</language>
    <statistics>
      <country>U2</country>
      <institutionAbbrev>ECB</institutionAbbrev>
      <exchangeRate>
        <value frequency="daily" decimals="5">0.83740</value>
        <baseCurrency unit_mult="0">EUR</baseCurrency>
        <targetCurrency>GBP</targetCurrency>
        <rateType>Reference rate</rateType>
       </exchangeRate>
     </statistics>
   </item>
  <item rdf:about="http://www.ecb.europa.eu/stats/exchange/eurofxref/html/eurofxref-graph-gbp.en.html?date=2024-10-08&amp;rate=0.83778">
    <title xml:lang="en">0.83778 GBP = 1 EUR 2024-10-08 ECB Reference rate</title>
    <link>http://www.ecb.europa.eu/stats/exchange/eurofxref/html/eurofxref-graph-gbp.en.html?date=2024-10-08&amp;rate=0.83778</link>
    <description xml:lang="en">1 EUR buys 0.83778 Pound sterling (GBP) - The reference exchange rates are published both by electronic market information providers and on the ECB's website shortly after the concertation procedure has been completed. Reference rates are published according to the same  calendar as the TARGET system.</description>
    <date>2024-10-08T14:15:00+01:00</date>
    <language>en</language>
    <statistics>
      <country>U2</country>
      <institutionAbbrev>ECB</institutionAbbrev>
      <exchangeRate>
        <value frequency="daily" decimals="5">0.83778</value>
        <baseCurrency unit_mult="0">EUR</baseCurrency>
        <targetCurrency>GBP</targetCurrency>
        <rateType>Reference rate</rateType>
       </exchangeRate>
     </statistics>
   </item>
 </RDF>
