<?xml version="1.0" ?>
<RDF xmlns="http://purl.org/rss/1.0/" xmlns:cb="http://www.cbwiki.net/wiki/index.php/Specification_1.1" xmlns:dc="http://purl.org/dc/elements/1.1/" xmlns:dcterms="http://purl.org/dc/terms/" xmlns:rdf="http://www.w3.org/1999/02/22-rdf-syntax-ns#" xmlns:xsi="http://www.w3.org/2001/XMLSchema-instance" xsi:schemaLocation="http://www.w3.org/1999/02/22-rdf-syntax-ns# rdf.xsd">
  <channel rdf:about="http://www.ecb.europa.eu/rss/nok.html">
    <title>ECB | Norwegian krone (NOK) - Euro foreign exchange reference rates</title>
      <link>http://www.ecb.europa.eu/home/html/rss.en.html</link>
    <description>The reference rates are based on the regular daily concertation procedure between central banks within and outside the European System of Central Banks, which normally takes place at 2.15 p.m. (14:15) ECB time.</description>
    <items>
      <Seq>
        <li rdf:resource="http://www.ecb.europa.eu/stats/exchange/eurofxref/html/eurofxref-graph-nok.en.html?date=2024-10-15&amp;rate=11.7660"/>
        <li rdf:resource="http://www.ecb.europa.eu/stats/exchange/eurofxref/html/eurofxref-graph-nok.en.html?date=2024-10-14&amp;rate=11.7465"/>
        <li rdf:resource="http://www.ecb.europa.eu/stats/exchange/eurofxref/html/eurofxref-graph-nok.en.html?date=2024-10-11&amp;rate=11.7393"/>
        <li rdf:resource="http://www.ecb.europa.eu/stats/exchange/eurofxref/html/eurofxref-graph-nok.en.html?date=2024-10-10&amp;rate=11.7920"/>
        <li rdf:resource="http://www.ecb.europa.eu/stats/exchange/eurofxref/html/eurofxref-graph-nok.en.html?date=2024-10-09&amp;rate=11.7860"/>
       </Seq>
     </items>
    <publisher>European Central Bank</publisher>
    <license>http://www.ecb.europa.eu/home/html/disclaimer.en.html</license>
   </channel>
  <item rdf:about="http://www.ecb.europa.eu/stats/exchange/eurofxref/html/eurofxref-graph-nok.en.html?date=2024-10-15&amp;rate=11.7660">
    <title xml:lang="en">11.7660 NOK = 1 EUR 2024-10-15 ECB Reference rate</title>
    <link>http://www.ecb.europa.eu/stats/exchange/eurofxref/html/eurofxref-graph-nok.en.html?date=2024-10-15&amp;rate=11.7660</link>
    <description xml:lang="en">1 EUR buys 11.7660 Norwegian krone (NOK) - The reference exchange rates are published both by electronic market information providers and on the ECB's website shortly after the concertation procedure has been completed. Reference rates are published according to the same  calendar as the TARGET system.</description>
    <date>2024-10-15T14:15:00+01:00</date>
    <language>en</language>
    <statistics>
      <country>U2</country>
      <institutionAbbrev>ECB</institutionAbbrev>
      <exchangeRate>
        <value frequency="daily" decimals="4">11.7660</value>
        <baseCurrency unit_mult="0">EUR</baseCurrency>
        <targetCurrency>NOK</targetCurrency>
        <rateType>Reference rate</rateType>
       </exchangeRate>
     </statistics>
   </item>
  <item rdf:about="http://www.ecb.europa.eu/stats/exchange/eurofxref/html/eurofxref-graph-nok.en.html?date=2024-10-14&amp;rate=11.7465">
    <title xml:lang="en">11.7465 NOK = 1 EUR 2024-10-14 ECB Reference rate</title>
    <link>http://www.ecb.europa.eu/stats/exchange/eurofxref/html/eurofxref-graph-nok.en.html?date=2024-10-14&amp;rate=11.7465</link>
    <description xml:lang="en">1 EUR buys 11.7465 Norwegian krone (NOK) - The reference exchange rates are published both by electronic market information providers and on the ECB's website shortly after the concertation procedure has been completed. Reference rates are published according to the same  calendar as the TARGET system.</description>
    <date>2024-10-14T14:15:00+01:00</date>
    <language>en</language>
    <statistics>
      <country>U2</country>
      <institutionAbbrev>ECB</institutionAbbrev>
      <exchangeRate>
        <value frequency="daily" decimals="4">11.7465</value>
        <baseCurrency unit_mult="0">EUR</baseCurrency>
        <targetCurrency>NOK</targetCurrency>
        <rateType>Reference rate</rateType>
       </exchangeRate>
     </statistics>
   </item>
  <item rdf:about="http://www.ecb.europa.eu/stats/exchange/eurofxref/html/eurofxref-graph-nok.en.html?date=2024-10-11&amp;rate=11.7393">
    <title xml:lang="en">11.7393 NOK = 1 EUR 2024-10-11 ECB Reference rate</title>
    <link>http://www.ecb.europa.eu/stats/exchange/eurofxref/html/eurofxref-graph-nok.en.html?date=2024-10-11&amp;rate=11.7393</link>
    <description xml:lang="en">1 EUR buys 11.7393 Norwegian krone (NOK) - The reference exchange rates are published both by electronic market information providers and on the ECB's website shortly after the concertation procedure has been completed. Reference rates are published according to the same  calendar as the TARGET system.</description>
    <date>2024-10-11T14:15:00+01:00</date>
    <language>en</language>
    <statistics>
      <country>U2</country>
      <institutionAbbrev>ECB</institutionAbbrev>
      <exchangeRate>
        <value frequency="daily" decimals="4">11.7393</value>
        <baseCurrency unit_mult="0">EUR</baseCurrency>
        <targetCurrency>NOK</targetCurrency>
        <rateType>Reference rate</rateType>
       </exchangeRate>
     </statistics>
   </item>
  <item rdf:about="http://www.ecb.europa.eu/stats/exchange/eurofxref/html/eurofxref-graph-nok.en.html?date=2024-10-10&amp;rate=11.7920">
    <title xml:lang="en">11.7920 NOK = 1 EUR 2024-10-10 ECB Reference rate</title>
    <link>http://www.ecb.europa.eu/stats/exchange/eurofxref/html/eurofxref-graph-nok.en.html?date=2024-10-10&amp;rate=11.7920</link>
    <description xml:lang="en">1 EUR buys 11.7920 Norwegian krone (NOK) - The reference exchange rates are published both by electronic market information providers and on the ECB's website shortly after the concertation procedure has been completed. Reference rates are published according to the same  calendar as the TARGET system.</description>
    <date>2024-10-10T14:15:00+01:00</date>
    <language>en</language>
    <statistics>
      <country>U2</country>
      <institutionAbbrev>ECB</institutionAbbrev>
      <exchangeRate>
        <value frequency="daily" decimals="4">11.7920</value>
        <baseCurrency unit_mult="0">EUR</baseCurrency>
        <targetCurrency>NOK</targetCurrency>
        <rateType>Reference rate</rateType>
       </exchangeRate>
     </statistics>
   </item>
  <item rdf:about="http://www.ecb.europa.eu/stats/exchange/eurofxref/html/eurofxref-graph-nok.en.html?date=2024-10-09&amp;rate=11.7860">
    <title xml:lang="en">11.7860 NOK = 1 EUR 2024-10-09 ECB Reference rate</title>
    <link>http://www.ecb.europa.eu/stats/exchange/eurofxref/html/eurofxref-graph-nok.en.html?date=2024-10-09&amp;rate=11.7860</link>
    <description xml:lang="en">1 EUR buys 11.7860 Norwegian krone (NOK) - The reference exchange rates are published both by electronic market information providers and on the ECB's website shortly after the concertation procedure has been completed. Reference rates are published according to the same  calendar as the TARGET system.</description>
    <date>2024-10-09T14:15:00+01:00</date>
    <language>en</language>
    <statistics>
      <country>U2</country>
      <institutionAbbrev>ECB</institutionAbbrev>
      <exchangeRate>
        <value frequency="daily" decimals="4">11.7860</value>
        <baseCurrency unit_mult="0">EUR</baseCurrency>
        <targetCurrency>NOK</targetCurrency>
        <rateType>Reference rate</rateType>
       </exchangeRate>
     </statistics>
   </item>
 </RDF>
