<?xml version="1.0" ?>
<RDF xmlns:rdf="http://www.w3.org/1999/02/22-rdf-syntax-ns#" xmlns:xsi="http://www.w3.org/2001/XMLSchema-instance" xsi:schemaLocation="http://www.w3.org/1999/02/22-rdf-syntax-ns# rdf.xsd">
  <channel rdf:about="http://www.ecb.europa.eu/rss/czk.html">
    <title>ECB | Czech koruna (CZK) - Euro foreign exchange reference rates</title>
      <link>http://www.ecb.europa.eu/home/html/rss.en.html</link>
    <description>The reference rates are based on the regular daily concertation procedure between central banks within and outside the European System of Central Banks, which normally takes place at 2.15 p.m. (14:15) ECB time.</description>
    <items>
      <Seq>
        <li rdf:resource="http://www.ecb.europa.eu/stats/exchange/eurofxref/html/eurofxref-graph-czk.en.html?date=2024-10-14&amp;rate=25.263"/>
        <li rdf:resource="http://www.ecb.europa.eu/stats/exchange/eurofxref/html/eurofxref-graph-czk.en.html?date=2024-10-11&amp;rate=25.293"/>
        <li rdf:resource="http://www.ecb.europa.eu/stats/exchange/eurofxref/html/eurofxref-graph-czk.en.html?date=2024-10-10&amp;rate=25.317"/>
        <li rdf:resource="http://www.ecb.europa.eu/stats/exchange/eurofxref/html/eurofxref-graph-czk.en.html?date=2024-10-09&amp;rate=25.348"/>
        <li rdf:resource="http://www.ecb.europa.eu/stats/exchange/eurofxref/html/eurofxref-graph-czk.en.html?date=2024-10-08&amp;rate=25.313"/>
       </Seq>
     </items>
    <publisher>European Central Bank</publisher>
    <license>http://www.ecb.europa.eu/home/html/disclaimer.en.html</license>
   </channel>
  <item rdf:about="http://www.ecb.europa.eu/stats/exchange/eurofxref/html/eurofxref-graph-czk.en.html?date=2024-10-14&amp;rate=25.263">
    <title xml:lang="en">25.263 CZK = 1 EUR 2024-10-14 ECB Reference rate</title>
    <link>http://www.ecb.europa.eu/stats/exchange/eurofxref/html/eurofxref-graph-czk.en.html?date=2024-10-14&amp;rate=25.263</link>
    <description xml:lang="en">1 EUR buys 25.263 Czech koruna (CZK) - The reference exchange rates are published both by electronic market information providers and on the ECB's website shortly after the concertation procedure has been completed. Reference rates are published according to the same  calendar as the TARGET system.</description>
    <date>2024-10-14T14:15:00+01:00</date>
    <language>en</language>
    <statistics>
      <country>U2</country>
      <institutionAbbrev>ECB</institutionAbbrev>
      <exchangeRate>
        <value frequency="daily" decimals="3">25.263</value>
        <baseCurrency unit_mult="0">EUR</baseCurrency>
        <targetCurrency>CZK</targetCurrency>
        <rateType>Reference rate</rateType>
       </exchangeRate>
     </statistics>
   </item>
  <item rdf:about="http://www.ecb.europa.eu/stats/exchange/eurofxref/html/eurofxref-graph-czk.en.html?date=2024-10-11&amp;rate=25.293">
    <title xml:lang="en">25.293 CZK = 1 EUR 2024-10-11 ECB Reference rate</title>
    <link>http://www.ecb.europa.eu/stats/exchange/eurofxref/html/eurofxref-graph-czk.en.html?date=2024-10-11&amp;rate=25.293</link>
    <description xml:lang="en">1 EUR buys 25.293 Czech koruna (CZK) - The reference exchange rates are published both by electronic market information providers and on the ECB's website shortly after the concertation procedure has been completed. Reference rates are published according to the same  calendar as the TARGET system.</description>
    <date>2024-10-11T14:15:00+01:00</date>
    <language>en</language>
    <statistics>
      <country>U2</country>
      <institutionAbbrev>ECB</institutionAbbrev>
      <exchangeRate>
        <value frequency="daily" decimals="3">25.293</value>
        <baseCurrency unit_mult="0">EUR</baseCurrency>
        <targetCurrency>CZK</targetCurrency>
        <rateType>Reference rate</rateType>
       </exchangeRate>
     </statistics>
   </item>
  <item rdf:about="http://www.ecb.europa.eu/stats/exchange/eurofxref/html/eurofxref-graph-czk.en.html?date=2024-10-10&amp;rate=25.317">
    <title xml:lang="en">25.317 CZK = 1 EUR 2024-10-10 ECB Reference rate</title>
    <link>http://www.ecb.europa.eu/stats/exchange/eurofxref/html/eurofxref-graph-czk.en.html?date=2024-10-10&amp;rate=25.317</link>
    <description xml:lang="en">1 EUR buys 25.317 Czech koruna (CZK) - The reference exchange rates are published both by electronic market information providers and on the ECB's website shortly after the concertation procedure has been completed. Reference rates are published according to the same  calendar as the TARGET system.</description>
    <date>2024-10-10T14:15:00+01:00</date>
    <language>en</language>
    <statistics>
      <country>U2</country>
      <institutionAbbrev>ECB</institutionAbbrev>
      <exchangeRate>
        <value frequency="daily" decimals="3">25.317</value>
        <baseCurrency unit_mult="0">EUR</baseCurrency>
        <targetCurrency>CZK</targetCurrency>
        <rateType>Reference rate</rateType>
       </exchangeRate>
     </statistics>
   </item>
  <item rdf:about="http://www.ecb.europa.eu/stats/exchange/eurofxref/html/eurofxref-graph-czk.en.html?date=2024-10-09&amp;rate=25.348">
    <title xml:lang="en">25.348 CZK = 1 EUR 2024-10-09 ECB Reference rate</title>
    <link>http://www.ecb.europa.eu/stats/exchange/eurofxref/html/eurofxref-graph-czk.en.html?date=2024-10-09&amp;rate=25.348</link>
    <description xml:lang="en">1 EUR buys 25.348 Czech koruna (CZK) - The reference exchange rates are published both by electronic market information providers and on the ECB's website shortly after the concertation procedure has been completed. Reference rates are published according to the same  calendar as the TARGET system.</description>
    <date>2024-10-09T14:15:00+01:00</date>
    <language>en</language>
    <statistics>
      <country>U2</country>
      <institutionAbbrev>ECB</institutionAbbrev>
      <exchangeRate>
        <value frequency="daily" decimals="3">25.348</value>
        <baseCurrency unit_mult="0">EUR</baseCurrency>
        <targetCurrency>CZK</targetCurrency>
        <rateType>Reference rate</rateType>
       </exchangeRate>
     </statistics>
   </item>
  <item rdf:about="http://www.ecb.europa.eu/stats/exchange/eurofxref/html/eurofxref-graph-czk.en.html?date=2024-10-08&amp;rate=25.313">
    <title xml:lang="en">25.313 CZK = 1 EUR 2024-10-08 ECB Reference rate</title>
    <link>http://www.ecb.europa.eu/stats/exchange/eurofxref/html/eurofxref-graph-czk.en.html?date=2024-10-08&amp;rate=25.313</link>
    <description xml:lang="en">1 EUR buys 25.313 Czech koruna (CZK) - The reference exchange rates are published both by electronic market information providers and on the ECB's website shortly after the concertation procedure has been completed. Reference rates are published according to the same  calendar as the TARGET system.</description>
    <date>2024-10-08T14:15:00+01:00</date>
    <language>en</language>
    <statistics>
      <country>U2</country>
      <institutionAbbrev>ECB</institutionAbbrev>
      <exchangeRate>
        <value frequency="daily" decimals="3">25.313</value>
        <baseCurrency unit_mult="0">EUR</baseCurrency>
        <targetCurrency>CZK</targetCurrency>
        <rateType>Reference rate</rateType>
       </exchangeRate>
     </statistics>
   </item>
 </RDF>
