Taste,Service,Ambiance,Value,Cleanliness
0.8856219612471591,-0.23978272240945067,0.4888118869297344,0.3275501983054011,1.12301896157165
0.30848048410031087,-0.3113144177609776,0.30466470041731153,0.33640650707799885,0.4679071139558461
0.20098925002107806,0.27060010715345484,0.4833966813941606,-1.1808788952350475,0.15998874089453619
0.6552562599967232,2.026812680182521,1.0426129896166305,-1.1944484799213866,0.1905293207675317
-0.5158897833044934,0.3378049363315986,-0.6663790743211713,0.9920474879487419,0.3193588317868309
0.05895001406306011,-0.8365696254682458,0.35453341402869776,-0.35103133776436657,0.30470063605119857
1.6847577496624289,1.8017034007745611,-0.0736534724291144,0.6443753792868795,1.529524018432602
0.6126365648084422,-0.0807345411499109,0.457349341426039,0.46112420518662117,0.5565221866708594
0.4060899251971406,0.5684434617132119,-0.144357700814198,0.3252059559130453,0.7666950200148521
0.39513511344984553,-0.04727776133061401,0.49128909797435905,-0.5418745910812222,-0.36319691355090644
-0.24172315889476675,-0.0016028773220374225,0.29148929250393896,1.8195447243706804,0.7221696913434407
-0.5796354817910272,0.4196843196729381,-1.0930916484934206,0.8523738931126071,-0.07859421918980458
1.0372087235554526,0.13917610835946242,0.5563642852554492,0.8848472955188681,1.81407518156943
-2.2766645551367275,-2.5696951446690153,-1.5942768847216884,0.42250263874557376,-1.5137010631168923
-0.12406686792880262,-1.1363951415558708,-0.4705660147399905,1.4082372657227897,0.43543427611094204
-0.4529189109802875,0.1805977299948472,-0.6701141017577502,0.1400176530934986,-0.4258664291875917
-1.31225533890985,-1.912529735194481,-1.3376639146407874,-1.0966466575129474,-0.7091078539410357
-0.798147890554352,-1.547106876438571,0.39009693233768333,0.9129263007943804,-0.2275752198869393
-0.7229119338997507,-1.1124503356959765,-1.127152850520886,0.41466076211135766,-0.8939322996984735
-1.3593428884409884,-0.6915611181309359,-0.8771834656508477,1.1060586257718386,-0.33969680115038703
1.4054298711822566,1.9895152839746522,2.568497829301106,-0.17742145609309334,1.2858552572845916
-0.461100987335828,-0.6646665473217572,-1.2997044344909146,-0.5803528977725639,-0.5749127941139018
0.46450769573164696,-0.21640983751836726,-1.0835311567465964,-0.028875462683348892,0.5105939539383849
-0.41792949891277065,0.2228740526678914,0.45052615875531377,0.404195553221177,0.7764736776013323
-0.5732154095679394,-0.9317541439638123,0.011626454229717847,2.378976801147293,0.950606906358333
0.34230405342673603,-0.012611884850659534,0.07934174348240779,-0.4346652900702234,0.38388328135885685
-0.29554534055258247,-0.8201458804503892,-1.2868343563031857,-0.017566570863821525,-0.47546075870973903
0.743974973934289,0.5639472444950518,0.15261350626581136,-0.22241362204765083,-0.07719112896345007
-0.10358978950015416,-0.5849290664174126,0.796181630626176,1.4214247660070354,-0.35540438813344305
-1.040632113955952,-0.587767970333671,-0.23607809443207764,-0.4425775361100781,-1.1985040803560731
-0.38697555300985015,-2.001382121004838,-0.057315573434956926,-0.5180597724754633,-0.9913615455841113
0.09585441410167844,0.4997488014248866,-0.33260966671261855,-1.6438983024198852,-0.4188717404335577
0.3279003481614167,0.3527893560106074,-0.5227966713464284,0.7769594087545131,0.36570028434109725
-0.33640739481094345,-1.2031075561967186,-2.1548018103037503,1.1461577632786923,-0.35997041068859664
0.6868866674772819,0.4923028120974787,-0.1424982447796887,-0.11106155235282508,-0.28599490575139874
0.8627688779014087,-0.2087216303270785,0.42861145298244424,2.6111189609025534,0.5110557101649715
-0.45118226071242823,-0.4734317795293664,-0.14496987599923283,0.41608910911827485,-0.7455419793060246
-2.600198452724043,-1.9824531566627652,-2.2464657528475707,-0.34075121573738837,-2.7914371174437127
-0.9762496722478287,-1.5499262011739137,-0.8730413686184129,1.7327161864071545,-0.48437524928602854
0.06307028102263434,0.3658679729364244,0.21090769246175933,0.7759530903998976,1.0875345719950444
1.2291122452977739,1.4736341853061752,1.432580121309709,0.9107019897050006,1.9569627385556876
-0.32948767233066284,0.040022432633849685,0.34145499739522267,-1.2545052843370754,-0.06443767221440848
0.27889689112826166,-0.0860765246894922,-0.5488293143835181,0.5582535907171488,1.235651390765094
-0.260337723120881,-0.1535460963660008,-0.0732380307168043,-0.2653426789834791,-0.3515279826377724
-1.6020457770835268,-0.8545205902807246,-0.6012974511521374,1.136838713865349,-1.0543984806053952
0.2802651904129229,-1.459368646587227,-0.3585689655170215,1.436483732998757,0.13785608287172754
-0.046567658598635216,0.4837778347530298,0.3803595749560497,-0.6371417910627396,0.19588911618921084
-0.13047656724632187,0.08322155490593307,1.6610977478527795,-1.802651419957691,-0.37994699620742084
0.9331779436913611,0.9857697282927685,0.867972501824773,1.3336143324552572,1.043942685779417
-0.5953186654535316,-0.2794935166963932,-0.38610978803097473,1.1740391008106084,-0.17434374584417775
0.13328741931758684,-0.7607883908177859,-0.5237693356892719,0.012526579448826361,-0.07447529436807605
-0.4411421807972557,-0.6010511053339839,0.003095150505480431,0.684829551346738,0.25782488684445587
-0.5390705376925496,-0.560721844431029,0.007495073725375007,0.8297046718513608,-0.14207579163591424
0.46052715300107266,0.10083357464253281,0.6586085243036329,-0.13342663624221635,0.7011668847027457
-0.04254879979378444,1.5832842120562918,-0.15074806684658423,-1.420937573265348,0.17530955252700958
-0.0023931616580028505,-0.0038495871365053337,0.44986629511578413,-1.418997729694519,0.27483984050762905
-0.896352903171682,-1.016899239437816,0.2404612401448593,0.8753054899416712,-0.5639660606188628
0.6775784173971866,0.240144868230928,0.586232474816298,0.7701222040263852,0.9364414057547578
0.6032503824989128,-0.26209805373967926,1.0495553284793464,0.19625541002784683,1.1623424722360352
0.5626781299108656,0.3944287477163486,0.36093591954940546,-0.7790266931499212,0.34578751701094457
0.30873564873568266,0.033270328447647574,0.4532289041848798,0.48260367231600876,0.2926060214129862
-1.8690316183411486,-1.3316677288805943,-1.3406341376988433,-2.792545074356868,-2.331239266590401
-0.13033035065308324,-0.5681789485092907,-0.8271851174156465,0.8082633980848932,0.1362065202704945
-2.016322483555275,-1.8670735581330953,-1.511023312119076,-1.4463273712435947,-1.6571095089433743
0.46548756280111303,-0.3652114634020451,-0.2006605028886012,0.0005808880641604816,0.16311969051698563
0.1589576742837772,0.8476918354030782,0.04062931644902398,-1.5115177496418588,-0.2319772673457621
-1.7147010618930612,0.46778060118703474,-0.5732914879495188,-0.799794278616866,-1.3449613714791009
1.3379552801495387,1.1710588530261972,1.4278697985029227,1.2944672292297559,1.7198391891226972
0.4644268211177932,0.2264502558105463,-0.6902803914232425,-0.3384045413699012,-0.03696145868593476
-0.03562019145340051,-0.030218904284412155,0.3132685550075331,0.7224363113375446,-0.2731408239226935
0.5408783966802946,-0.4767878570143372,0.55789610691615,-0.7588116116425065,0.2408854144452192
1.853476919243897,2.3156005794953356,0.8877978199917489,-0.3270638967437013,0.9011306534722581
-0.010275708038545425,0.08343912232869916,-0.922167156634116,0.5477278258664321,0.019534152193773344
0.5058594913937651,1.6989808803144488,0.4020682289577003,-2.6270680064731966,-0.08043421770754716
-1.7567072728194593,-2.181242993406381,-1.6799757091053773,1.5886553046623781,-0.4237814268566032
0.1918303237684467,1.4838479886129048,0.4009639027056333,-0.4891794934574356,-0.14933711283983753
-0.654921323937983,-0.049681029572862134,-0.9131265556382273,-1.171953034470242,-1.562271222157325
-0.10671326388391808,-0.09808085364685336,-1.630070318993493,0.6166722760276299,-0.7871863065348396
0.8171399998076384,0.6860515263262914,0.5306599228173892,0.9457487198977066,0.9164247857025947
-1.2865101396453595,-1.4556697272483177,-1.214581660363221,2.1041880096776815,-0.2506923962161114
-0.42678968931670014,0.358253135340756,0.0360242943030048,-0.5899983060147548,-0.13291341841285237
0.23653633734484894,0.21503341136746137,-0.344933450843688,-0.15921403077680368,-0.06465557455561396
0.4015496174875527,-0.08028557856237752,1.882906485920044,-0.6522533856395413,0.8214260895681171
-0.09771904863735886,-0.3665230371836719,-0.537193788018041,0.45180519819041465,1.3506246440114666
-0.6672993327672445,-0.644917185021725,0.3665132811092506,1.2007252865341056,-0.25171763426116184
-0.6383278222865666,-0.10487096263770848,-0.3052570464456783,1.9316955657383168,-0.0837803289607487
1.0622723357406527,1.0144461743202975,1.6374185182012393,0.2892111687222143,1.2488846877655726
0.28250349779797984,1.0027589356955717,0.37770666404230024,0.4302544976360746,-0.017472521245370264
-0.7791397433737218,-1.640865671853106,0.15829453447372144,0.24568468051678438,-0.5287010119533577
0.7475119870700252,0.3925261650927393,0.024329058653620714,-0.634875381374727,0.07222135368003785
0.09373237580619541,-1.0051533441456677,-0.6367122771383785,-1.0525555556369148,0.10180833293533087
0.7845865505668104,1.1561379748408553,1.5010352120926111,-0.7136777100558238,0.5010776087754976
0.028467484756956988,-0.3914494522391666,-0.24066159841085918,-0.11107832776244915,0.07770507280599306
-0.6880479743553463,-0.033279244415606375,-0.09560971644997432,1.309141127097374,-0.40797664903091174
0.4213581343283104,-0.5796427385185329,0.7853207277119251,0.5511179907680204,0.31742411645161334
-1.2730768943744555,-0.491705977458686,-1.7157517612661037,0.46676522277343896,-0.8311214038865024
0.45652359551934074,0.822191602826071,0.5850300154791039,0.5858938733673376,-0.07736831910889763
-1.3689257913421322,-0.1702233143268336,-1.1340493630690331,-2.5962354419999416,-1.5155197091297306
-0.08451604659244065,0.2131516482907473,0.34301174113160143,0.09578093805596478,0.7378445289807045
0.24652453398798432,0.2312016006266209,0.02223809394794873,0.435194713193792,-0.07910376488701236
-0.4622862619338949,-1.2115035195751749,-1.446495747411845,1.6845758910933426,-0.21889141328096087
-2.351089308278135,-0.8614278935271117,-2.160776605051849,-3.040813505418773,-2.6183947479392202
0.5523689248901058,1.3424795499282265,1.5352002599181749,1.1984156068369982,1.1826491564746564
-0.3637188349043529,-0.10594382439844012,-0.1302026659775168,0.42167464027113294,-0.5737810457779705
0.023836588041607095,-0.19319968197756077,0.35689733039437754,0.9277923594554208,0.544990174779717
0.25062660806038384,0.14280126091540887,-0.0800554394344164,-0.6971304055606539,-0.43421317667277415
1.4439556453817004,0.94201954484078,1.445277904429991,-0.8637681489839185,2.0716913561292944
-0.2927526029961441,0.07578926733018994,0.4122260195745737,-0.6869500244920408,-1.008135083239842
-0.3271983833284645,0.21851418254334373,-0.250460136295206,-1.041002111202204,-0.2995570092822719
1.1856837613765383,-0.49608450318088715,0.9777608975160289,0.9723194190473179,1.289838072150507
-1.8573218575190333,-2.2715527525445816,-0.7971591945341956,0.5239813365186731,-1.1229601778390936
-0.012400669826923836,-0.1362064409142477,-0.3962101565928687,1.7802879564568632,-0.18245903308331596
0.49833032564503044,0.14413602394955083,1.3665637195733422,0.4959107405904185,0.7877758653588393
1.7920512911734883,1.406871350743962,1.0659736678364091,-1.3675447760912423,1.6051655715179933
0.14078378896106594,0.09003829421317956,0.8857722409962449,0.20028702250891506,-0.10024800803618185
0.20319889921377643,0.47644411644753715,0.14909522363267924,0.5150926784360742,0.18386351396402553
1.1994010450927501,0.6499622055752434,0.9567241576157789,2.0531308961546166,2.055665316633047
-1.3557824899461823,-1.4021937189267153,-2.0048140267347416,0.21096741730645682,-0.9874843307478071
0.039733588647237535,1.5386637233237,0.6229521134687422,-1.1610514693958758,0.899982922523648
1.0587488004073942,1.8608257515227757,0.4001417893687871,0.8543504576649129,1.1612045519341767
2.044686492560526,0.6997790238041972,0.7113423778173407,-0.4584469041868515,1.2800007823266963
0.18512060554201074,-0.6927533229007117,-0.18419720256690952,0.6955167372462808,0.39785718253657815
1.394055909604471,1.57774022002768,1.8574912921642461,-0.2120653556933998,1.118470193540566
-1.8946899455695758,-1.730425726896139,-1.439809205205854,-0.02108006849986193,-1.7765647181502333
1.3366155468618142,0.9120658493859604,1.3615240455993156,1.0533221208113948,1.9540332486247194
1.1963729821415139,1.736292448506843,0.3483209083497557,-2.2641457810113113,0.1280409284530142
-1.0782404999227548,-1.791611734286996,-1.105546329935927,0.49451203337145105,-0.1427737406222526
-0.5324956486038711,0.012493160094030384,0.2886938272582641,-0.11601029722218457,-0.6795476736111539
0.2379388176099833,0.06954031663578683,-0.4150664634013608,0.13710019329123008,-0.2372706138400645
-0.008925435290641538,-0.5489943851431954,0.7643230728752052,0.54593306516483,-0.41634738185097886
-0.9302272246559642,-1.1989060327178043,-1.1171393706797774,1.1410920170077672,-0.6522675213945874
0.24274361341757075,0.1475698457237084,0.23296855349042853,0.8253949889580218,0.19966612457926192
0.26837403561012646,-1.3024003736472258,0.6283658357517589,1.36838652408642,1.036716671400689
0.7801261012737932,1.346658249134785,1.292723787995802,0.4565388463772369,0.5944531473312075
-1.0397780716418652,-0.8168615018778576,-0.8569063163912897,-0.5848322190018628,-0.9840462967771557
1.4969777229901517,1.7775420964912636,1.316476789052597,0.086927285964143,1.3848898243709584
0.04265038774296137,0.29309354000584165,-0.04453515103966813,1.2067073399767858,0.6836896811404353
-0.4562863245098884,-1.2788622915707897,-0.6314723063928765,-0.18005838671697622,-1.3796758672359273
0.47736418098330735,1.0867199883492622,1.3774680094589895,-0.2846080595668069,0.91481788713845
-1.1413466362013471,-0.917488525857824,-0.5608191576397737,0.5061196269333895,-0.008583912117970705
0.009715192517743356,0.5296824428483123,0.37083570408077726,-0.4964766570628876,-0.2779374796714181
1.7628352770297535,0.27018119775580035,2.545000806324751,0.6418307916312662,1.8207157208370934
-1.336464281168301,-1.409603919468286,-1.0105903682582205,1.3248113722704966,-1.140378557570327
0.24471076498576722,-0.1810275569085191,0.35886746109982387,-0.12472491840946254,0.3003845668968814
-0.031975687815422225,0.36303927836682515,-0.8188595521006091,0.46193320764325074,0.08126588951908771
1.090884422712266,0.8620775585081986,-1.0179480775644416,-0.1057113517452182,0.3638232074522602
-2.214335794402918,-1.7817611698343336,-1.1922436843809183,-0.10389364742159471,-1.6734706638721353
-2.200614907432646,-1.9672527528732973,-1.7030570709076436,-0.39537486506413855,-2.099431028997811
1.2191824713561916,0.8636692871639212,0.8072289778111533,1.094117050989009,1.2161072496287428
-0.8898123300019672,-0.5885800247558133,-0.0644155635999251,-0.39644715813854775,-0.5193108621000145
-0.4872795948063395,0.30959866249042184,-0.3472276550205339,0.6740009150896263,-0.30150820683945356
-0.42010698142610076,-0.694520727643559,-0.12483569936914543,-2.758823923422521,-1.8069141276929117
-0.9439629266447142,-2.429992309143292,-0.7567232640332722,0.3372789013434438,-1.1572281831803424
-0.5455979011832791,-0.5062153672033648,-0.9266730189683277,-1.3323924663888496,-1.195730939259349
0.6567520064767115,0.17326456675151228,1.5619481300578657,0.2067315084968636,1.608203542052906
-0.26052954488321856,-1.175206860738241,-0.17678721857920132,0.828188861086394,0.4358312659834511
0.8756489855310677,0.5155838025642026,1.2998139163588769,-1.1100969003429793,0.4463618370087384
1.479165324317175,1.1735449004814351,1.1083195935133308,2.6225804069001453,1.8474513206047356
0.024812365119941573,0.11265041220903746,-0.788196123545687,0.8740399551457934,0.05156174473418356
0.4688119865788389,0.5584264212082352,0.3460694543300661,-1.0334788225951215,-0.28595133279815466
-2.6327035294714,-1.9932082530592783,-1.896391715685067,-1.7377056874877108,-2.64270505361125
1.9459568908770608,1.6309617123941644,1.9199446962613504,-0.4588465187179611,2.46155744669524
0.23503619563073225,0.15754851183631155,-0.01224796823443064,-1.6567584484288458,-0.7858927402199999
-1.2281175378308056,-1.6310191529563938,-2.4802518882538016,-0.7534564472476355,-2.2284099009742575
1.836794467789106,0.42849779348359424,0.898976388642113,0.7585104188303382,1.6905762286303032
1.2903212536687017,0.13531358811479824,1.9103493349115568,1.520329079121808,2.0317852441842486
1.0829723423698383,0.8720282210908138,1.0508233575003738,0.17166694741242425,1.8028950730131872
1.2977735353808992,1.7552113058361942,1.4580691141997006,-0.3660474002100381,1.4849732899342747
0.005690492877270743,-0.07593604422903483,0.6766514497462234,0.0495043717892583,0.24006661802175125
0.004224598952403111,-0.5716608994687891,-0.573824158138022,0.11295405234690793,0.28295904521628923
0.029458197795702187,-1.0111969559661864,-1.2101504180175198,0.9909133351787733,-0.167937329205689
-0.561764608493996,-0.23546913802440594,-0.5624741274061104,-0.18312630102664992,-0.28752781188568505
-0.17197026569586027,-0.7999897198974714,-0.31176757321886955,-0.03790699560229952,-0.10837639299406707
0.22734283154884363,0.6595282621719525,-0.3793680299316762,-0.6494173938607248,-0.20500558648753398
-0.5660027403489916,-0.6328347842864819,-0.2839106043530637,-0.17469056554467513,-0.43788680779996025
1.170918477026695,0.10548539900527436,0.7313200754998854,0.6898030318932314,0.13992276284331612
-1.5794747267085578,-1.4236138886978587,-0.8203726696961947,-2.1058857856647255,-1.4681745572530656
1.0874666561311799,0.8058157784411463,1.1555747471094395,-1.6431391757540337,0.4489612238748079
-0.10723458357438549,-0.02219252412216633,0.401278341012499,-0.5111716038186149,-0.6709951463765332
1.4425366558116128,2.043761051231146,1.1947904428668612,-2.0634087818723468,0.84384664708772
0.4659299087892116,1.0818845336876513,0.6798353216899932,0.11087541542989356,0.6680582998682764
-0.06307657284413704,0.06026573564702302,-0.27062859531520767,0.7363515944569022,0.49501994783189246
-0.43618065252884036,-1.1901786765002946,-0.8493672319088138,0.80238302603527,-0.33321237629285855
-0.08527154641686933,-0.36703936128455655,-0.7693700352592332,-1.2237073090390336,-0.6221091610574623
-1.5791542837596044,-0.9835277706441279,-0.9337695138307502,0.16896760323189602,-1.0143281718701385
1.5788625613397496,1.6095951567543247,1.1533986695417648,-0.8493182364590598,0.9594472887790599
-0.7513186067556615,-0.6648251544856882,1.2498441253651498,-1.021611881800313,-0.4899429404296714
-0.33651693986641484,0.34306023976958844,-0.6032321563691571,0.15122841442560594,-0.029721651042763354
-0.5586691471254077,-0.007569433517828551,-0.6089396077192665,0.15603335834200288,-0.12153873943916668
-1.5814888708760846,-0.5224323982414574,-1.598447465435996,1.2456109994966433,-1.464123324039897
-0.913558901800321,-0.57869858448938,-0.051360859688388286,-0.024992561780435813,-0.0009897920998216073
0.017786746187223753,0.5999736015490461,0.11509303700675783,-1.392096612229722,-0.8807742843538912
0.48682674954957583,1.228065991768706,0.612504266177058,-0.022991352414524022,-0.5752412692727001
-1.3325374462869652,-1.2568977039983018,-2.1993585081402385,0.4069249973880077,-0.32747639090458686
-0.7595795172494986,-1.3013722004083728,-2.073238970089852,-2.4034987655955753,-1.8593432883500471
0.25869892626951496,-0.6379583633200309,0.17154817869899575,-0.048686711658635036,0.4906509755301012
-0.6076251198258659,-0.33242421339996003,-0.0057320604113475625,1.0889687227020437,-0.9197847038235768
0.3832436942290828,-0.7852099215908178,-0.5770742186408062,0.14523235782898025,0.3721056248436852
-0.11248135766907602,-0.11734707836370852,-1.6597593544456775,-0.28749844412816705,0.08753849238563523
-0.0020377199916824045,-0.2236892608536241,0.1549133123593488,1.6441030496655369,0.29140513446864
0.9336427623871725,0.40206904341304855,0.44188208132548523,-0.14655119895547566,0.12829427052467005
0.06889093996758013,0.5105647148099253,-0.47091930584956193,-0.6933215193739735,-0.32399212416600587
1.113371068342537,0.9967843512001154,0.22693454726371315,-0.1432208550548044,1.1867396642440673
0.6150595602942178,1.714605301182269,0.41586351684542794,0.48197132338374954,1.4179051300674423
-1.445060272488236,-1.642872729257189,-0.9129207668530315,2.1328909808027774,-1.0967091280784445
-0.5990497099820518,-1.141313240618555,-1.041246057151883,1.0181612119611112,-0.23378985323347
0.47293972596806777,-0.2963890574666731,0.30938147518038567,0.12297409063216241,-0.4180820761156211
0.09357178858844258,0.6231154507395328,-1.665563353153311,-0.8477841215427929,-0.2696316463328918
-0.5629339736847615,0.4126474439468669,-0.82800553485949,-1.8764555574739192,-0.9137703146285059
3.9448511096038597,3.8736974686840893,2.8957206893097522,-0.25568615575064385,3.495869967751846
-0.7619025047746437,0.6710394336896732,-0.355223117667712,-1.0469147645032735,-0.5190088937893914
0.6504662146609226,-0.031039336038958178,0.14264291522711953,-1.5064589521783507,0.07332684463152317
0.5928083945895534,1.4268575322555983,0.7957853353219064,-0.9001132046788937,-0.1886750813051319
0.7991093229194326,1.6534619389596448,-0.23345369988259224,0.5692695174066279,0.7616657803736956
-0.6379879957499602,0.03759838230809412,-0.3566683361468247,0.2993904766236689,-0.6880035973160707
1.3383747791805682,2.0048708086239766,1.4499749546497227,0.7450193700454727,1.0377950889720238
-1.1984875118221583,-1.8075431543268505,0.21414367016203195,0.2203581440992714,-1.0659407120899582
-0.10736177409195301,-0.41852839280074616,-0.3411740100325196,0.057322784672026145,-0.24162459815561022
-0.16553939321771236,-1.1132538966081862,-0.5693797478483263,-0.5150372111266044,-1.0891840374967887
1.1372218544962451,1.1729543049995277,-0.011953707300236595,0.2227418487181949,2.0360548727044665
0.9485205329210795,0.807672505576571,-0.3540818017481636,-0.895117922756195,0.6070002724471257
-1.569543955681205,-0.9744489545767961,-0.7013824237797281,1.0018771198182723,-0.9233040305186654
1.1026722625729575,1.5059759233962817,0.7702296347970295,0.06029076967336225,0.8400250235525495
-1.1461637550068697,-0.7726892337596835,-0.2715250346458101,0.3774584493856029,-0.2634339986549034
-0.7617085479842868,-0.3050608512179927,-1.2606550423668101,1.9801791127814092,-0.3774778307576921
1.1883197072651621,0.23088276579613132,1.0069509536249215,-1.0458271072590681,0.4033820869916448
0.5216110396414484,-0.4422860252778615,1.160604631222419,-0.13531750246476654,-0.3057331464644523
-1.195699179369625,-0.2254235023621445,-0.6080194344383412,0.7350230979796208,-0.7331445482276481
-0.7311513094970757,0.17285961579030548,0.09445133062255046,1.1802658190272932,0.4824229878026703
2.086481106237945,1.2383495016735497,1.5244752767860943,1.3730447394798437,1.9987300247572217
-1.1874487595210526,-1.0333892637700488,-1.739892270592593,1.1897581660639067,-0.8844375679940494
-0.3857032596801195,-1.4690588658292651,0.2909156490830107,-0.7510784600053508,-1.1305138496739036
-0.7712978206514506,-0.6287552691516554,-0.39118503945924565,-0.5808892883300043,-0.14860196782704838
1.2157699638985582,1.4128330912496105,1.0447632625500154,1.0981690462718423,1.099052935381506
0.7305190211767602,0.672419900358188,0.20003740788237842,-1.254097027559679,0.5029649063271598
1.6280286025601018,1.1374341654031697,0.512905077002791,1.8713800742896394,1.861981742088612
-0.6809991241568838,-0.49354504450984316,0.18832549646223654,0.5970260603965056,-0.03626408614780746
-0.5648365031105548,-0.7793226294887836,-0.3552618265691859,0.4141379808785457,-0.3914577557759425
-0.3955515559701859,-0.25540795028761837,0.6448777522693493,0.7579523574134849,-0.1593107968686624
1.7768121151393974,1.7305624503125574,1.3191299541994312,1.0606768713028167,1.8474331539981195
-0.85406414517937,-0.7784548241886049,-1.8606352884845474,0.1763302504137656,-0.8887598961207169
-0.055177364171512006,1.4346919243702931,0.333782793970214,-0.4544098085439346,-0.5050357672059368
0.7081899246498128,-0.7705982790626907,-0.2855357920596134,-0.02314217916926552,0.05843971727614288
-0.5129065998398561,0.9118791323934551,0.5326925398383918,-0.6333517990511759,-0.1701270449978171
-0.7894679583435777,-1.2982026059487448,-1.169382584995999,0.8437032108980279,-1.4363200449656368
-0.9767432695648306,-0.2725833256718665,-1.757956463772078,-0.6168946564063089,-1.1467285446356197
-0.7280021715760275,-0.14377254973946998,-0.243358461995931,-0.028715222653897834,-0.19698492545858262
-1.477172446162865,-1.222934251619216,0.45560874872145796,-1.015941063228598,-0.9338505179191359
1.3869850648676045,1.5791812883014387,1.6470977743035595,0.06591556261860386,0.7965205622216525
-0.2976588963575858,-1.2878341092816417,-0.5039240276961074,-1.1260377071863186,-0.8661913233375713
-0.8994410447162432,-0.5741024530235945,-0.1211577524868258,0.19166505520680827,-0.6664757037560786
1.669250405880429,1.1503650964898862,1.1593686561605647,-0.11451789132932826,1.0796412828706181
-0.04760684444019474,1.3372338676669533,0.6727353277147858,-3.4371218714605365,0.15618053506050952
0.9570662612790333,1.5152793727904477,0.24753452918743613,-0.9588393426776615,0.9199197322346344
-0.9912568517385134,-0.6077427600444473,-0.3795598091118448,0.6752722507894213,-0.048765592774725086
-0.9935186793045675,-0.7394665538847599,-0.32367773789551524,-1.198904404245054,-1.8238570248492232
2.196787993892834,1.0444478357649334,1.1851722106256763,0.19895310351375034,2.3573042074677266
-0.5214307939429963,-0.8503600321884673,0.5235988837793787,0.15864689939665666,-0.4393770953553909
-1.0356622492443333,0.755177112764351,-0.09147573735796657,-1.5241464585842421,-0.5967934186375625
0.5864994357984381,1.3790751977709286,-0.01988545181832374,0.9957067406879674,0.27678970889206933
-0.3091468148711705,-0.7084462061792406,0.17934019225832767,1.49512710880536,0.15733388717889316
0.0827969844682183,-0.024098678503970686,-0.19518712125505108,-0.2793737159599107,0.13544250291501697
-1.8440079704618433,-2.926227349673995,-1.624264536368438,1.7358580260836565,-1.5782749417647974
-1.7605126546947967,-0.4893876643651241,-1.3615835032691468,0.24525313277749555,-1.350362983493112
0.08300851382638619,0.20522743674181962,-0.1535324873501947,1.0313114688796101,-0.2078136373576539
-1.4114884410940884,-0.39889375275084665,-1.288503683374485,-0.7781322724198654,-1.9214214721878333
0.5229025180600424,0.7298441646327539,1.2675998830753237,0.047533300535238236,0.8293269927471003
-1.574193943112808,-1.6829531009134933,-2.657180171834001,-0.12514547709425536,-1.4303005755365568
-0.9977844246833616,-0.4962613877828677,-1.349776621723327,-0.9577765126265106,-0.7074124397549764
0.7178214012015465,0.8605146051698961,1.2166412525784878,1.0749154625364161,1.1304566243002507
1.8114110176607272,1.3618343995340076,1.451847187504425,0.9297313795251256,1.5983633816391127
-1.0057283860694892,-1.4537980539899626,-1.065181281988268,2.5010999152473428,-0.2523775482091333
-0.009283037736290264,1.0208446014570949,-0.5160462355754657,-1.9810855346881229,-0.2838387286875787
-0.21699536662546454,0.28004100683549943,-0.8040274451829876,0.3506684127188365,-0.5545723177929515
-0.5208644068838566,-0.9131756389862056,-1.3446649531188468,0.742970161446357,0.2540396985854743
-0.0014742768209828345,1.1527056586548183,0.31896432757219284,0.49278120155050564,0.34485461282873564
1.6565188520865257,1.5789413770654686,0.8719393015287887,0.07445659222471387,2.145123614716489
-0.7105487302254498,-0.29481066844061965,-0.8347386124108928,-0.20798222993413065,-0.1387740335468617
0.34271531788851917,0.13680462005389077,0.08252521168769651,-0.2661389927433436,-0.13365409146133483
-0.36967053347439616,-0.12548211780493992,-0.22391558396511516,0.15130134568279033,-0.530017101043239
-0.5055273604699348,-0.3812041829251834,1.371997690316735,-0.23321815033968335,0.1382458271839084
0.1325733505537187,0.46111450003150495,-0.5176378671206218,0.15835915280254118,0.24628756875951194
2.0072692733713104,0.25020619290417406,2.141309194747955,0.5332580315236639,1.656781821205971
-0.8289956728236186,-0.18865574300855054,0.13239482263693464,1.3533827426301577,0.20932828696786737
0.9971294821900357,0.510711847009424,0.6671552339117548,-0.4412345521746103,0.4282174763410864
-2.1739638122163782,-1.1767720388048268,-1.9249198394880707,0.422761265318884,-2.4390488060031497
-0.9407534219115493,-0.95948312251477,-1.2730253290563367,-2.143062673786663,-1.878422751854047
0.6012781082429143,0.490116161277561,0.7542159671369337,0.9897046987460894,0.8541240960012434
-0.6767377228532389,-0.5361255298599465,0.5552084891658894,-1.180631190908558,-0.4730389477158573
-1.2615579499508491,-1.416366740553439,-1.1273589517596185,-1.0134804869636946,-2.254033161949527
0.6180371497473106,0.741158710592551,0.3208135118422712,1.351718356540953,0.07664723870120307
1.3210011914418918,-0.9809164259754983,0.5604814096961598,1.465908115166281,2.000339953595344
-0.4908293430331087,0.22490979163472594,-1.3250401173285502,-0.5433241599503016,-0.304485171475979
0.7954156649272146,1.1205244453198033,0.8635782982682784,-0.31731516688643036,1.219561147547232
-0.026902450864420165,-0.40126793071579303,0.9936835207043806,0.824717293849051,-0.04927877376585449
-0.4692156319740184,-1.2200581378878028,-1.4688177805540685,0.24928047258922514,-0.4029004694347237
1.31567121948614,1.9450316230489393,0.4338547688490157,0.3032247023645686,1.0116311468015617
0.5152572269706037,-0.4190120929539976,0.13818038917651415,0.2768155580540205,-0.36899198973284436
0.9601720840412716,0.05334266886148312,0.1035992970162399,0.37622687555941314,0.5590684727717113
0.08346151984064216,1.2231140923885762,0.11293919191800471,0.22432030170050057,0.44172909267301075
-0.7108410588962049,-0.7209421235581454,-1.1802709976624244,-0.0508414768080775,-1.1467112473791823
-0.2857202493597409,-0.6666393168558761,-0.7585754247232352,0.5886130954354388,0.09314860648882553
0.2905275347154913,0.6265729251427556,-0.14753315820949808,0.22787184705589197,0.45001109308850046
0.07884782316650839,-0.382351564350832,0.4764515892473231,-0.3315794116996463,-0.06634963594756976
0.9394147976536311,0.7599260884638653,-0.5556866086167318,0.248994095647133,-0.07082366753056644
0.6278819709798437,0.35980895263423984,-1.3129619823817595,0.10268186016795461,-0.5075634084116123
1.1717753727667035,1.294335505619485,0.5326497905522556,-0.4478552474093533,0.536558377381985
-0.5896008721781743,-0.29593919645216876,-0.00941331282950694,-0.15596542425528387,-0.2302533225853441
1.1763464738874794,1.7703534009953985,0.7722159722175497,-0.011988622579436071,1.1298208586282243
0.3694072692210149,-0.02796727167302429,-0.21305866097548784,-0.14748228792274773,0.21025296083323877
-0.3554445611795766,-0.8787153140298808,-0.15916229016910163,0.03372421899138384,-0.2532010803112164
1.902417850532647,1.3740149304837008,0.116895381112599,0.8827734247082976,1.5224699681897553
1.4584715476502792,2.2781108500612333,1.5273788757623634,-0.008648897149447735,1.2823116544120277
1.0714175798876775,0.23092527605029808,1.0564052729578202,0.22577504127310138,1.0078036433778605
1.2043859027869837,0.8046143515435954,0.6753625267609353,-0.78844897284736,0.9629708048558666
-0.6364221624330149,-0.2219286231708064,-0.029118328959709096,-1.0434957060551246,-0.9592867702939029
0.16803008098986413,0.11937786488109516,-0.709211098622225,-1.8935046529041497,-0.010058353380528837
-0.6921739478022757,-0.934278660512017,0.28611250519464154,-0.05876163357156799,-0.6124494116651639
-0.34860976247617503,0.6560748644205137,0.015048818257184328,-0.5308166569353945,-0.15457886794633333
-0.6557614520146472,1.1177492078332387,-0.40041093796949634,0.39447834013022215,-0.3156654980309576
0.20653713491336018,0.17832974599578486,0.06619868826300458,0.251474475362094,0.31451572091689006
0.984742263666234,0.11100445984803027,0.5951069995510829,-0.5443411815113176,0.7189858380467891
-0.5739344561006458,-1.5778000578464941,0.09010664473606218,1.0697853010786782,-0.6907783182883438
2.4473814806029943,1.9404698686654527,1.0668140565779676,-0.2655687904077878,1.8619142464762295
-0.8084208442771088,-0.1792587739045868,-1.1596199064217303,0.6779474724004421,-0.715105615939306
-1.8902345255424797,-1.3928344122820138,-1.2089716305962417,-0.9109628853387236,-2.703476271082564
-0.07401176381588956,0.5685519096064147,0.007221600006996034,-1.410036284014988,-0.25662777883645144
0.34160155804144504,0.21607527576633198,1.0143724861313372,-0.15537424132398706,0.425974172953683
-0.010156990382386624,-0.5632073632157487,0.8628505696112997,-0.8168118934216096,-0.3690573360110964
1.0754598726403277,1.1453331617666096,0.4769790837351214,-0.8519097676317083,0.8221895650600013
0.6980972913166082,0.9985596437416687,1.1072064929243408,0.46202135879890316,1.4686571301021436
-0.09131567393019344,-1.2007626183769222,-0.7652324896404721,0.8107858769841249,0.0965341687821684
-0.658242496287012,0.8586566346986176,0.3834253570116121,0.12121941224548756,-0.29014315756059095
0.13371132713979766,0.26581390649158987,0.32657740351816034,1.6972373215655383,0.6856955415142386
1.104627169345563,1.586572652548339,1.030354325797976,-0.63957152182505,0.6100371961261403
-0.15951379720840606,-1.019432619833137,-0.6678345507834583,-0.3155832120760971,-0.4056566093085503
-0.8727419986755888,-1.6642814521248048,-1.8881134316347528,-0.19975285525420747,-0.8975319064895172
-0.4625122883562385,-0.4704838837493366,-0.09222223601670947,-0.4021416599563561,-0.5981093754475619
0.04711517386880808,0.45118105652988194,-1.1359760889801995,-0.5011740589828925,-0.10351706990723407
-0.6352529653607532,0.5991421470230638,-0.5284586799420432,0.8995772225369606,-0.2678945059407094
-0.36024695333922563,-0.22613681745063519,0.031170726728870217,-0.1032532935630894,-0.62448795781264
0.2840738050400017,0.027995107518991983,0.2714444004682332,0.2855973665161171,0.05865738434465087
0.5567287267657104,-0.26721046585839103,1.5240952050227279,-0.765259820233525,0.4059660416853597
0.03621546607226749,0.6700463533442259,0.7966031092427847,0.49082988085652685,0.5696085190219863
-0.6503365022797167,-0.6255887637499435,-0.29163437196182046,0.5330112502558408,0.4383055655918852
-0.33008656963863514,0.57254197298342,-0.543131650033338,-0.18694975491947818,-1.1174574878473884
-2.808804971995569,-2.2045280081249286,-2.2962074614396655,-1.786896396550839,-3.0951731948440098
-0.9321696489994343,0.07351100426088623,-1.5199369066221569,-0.2829109189114729,0.14701508795465137
-1.1486428410769185,-0.6779957299708393,-1.7415108836245499,-1.7396821503200457,-1.8605525221461412
-0.49090858691298034,-0.3517870076277567,-0.6113041990297985,0.10200448967540782,-0.5322625574240606
-0.1029262869934651,-0.47376800247880035,-1.56489017790929,-0.52775995077435,-0.21413056911648012
0.29034361244406304,0.3353882015339587,0.2057366448680402,-2.1589696181277227,-0.886744639893198
1.1625761606336946,1.077144205997256,0.7037715560553054,0.18887444139699155,0.5851332765458576
-0.23601649761479757,0.14596561009008355,-0.7664868479017972,1.2499526682612727,0.6235065577539938
0.030524260060730148,-0.5757316616075688,-0.06569948128018745,-0.5583888082515259,-1.0045743186475193
-2.2192153530031526,-1.7968598488987904,-1.5415487592163974,-1.5240225676267858,-2.817865400258532
-0.513192784442152,-0.1844805439891758,-0.15636351674676735,-1.1948287714553998,-0.042086754256971726
-0.00939871884086134,-1.3293274417916041,-0.23064953493381068,-0.10917980330469404,-0.25780369859464897
-1.2758702968358364,-0.015972752822507198,-0.1398494881321029,-2.3280261875686388,-1.5157290044068807
-0.4542245027626196,-1.1765375610448596,-0.11684696837365964,0.37827038292569876,-0.7361840234769914
-0.025916167787082774,-0.27523644221113186,0.5282783151931362,-0.12152675408779454,0.43159890554913233
0.9884451736327402,0.42745570148974493,0.8613532132319696,-0.06686062348937749,1.5658674536062183
-0.6148252580465468,-1.0897012665231092,0.12565167630233065,0.26958275236561585,-0.14370571521551778
0.09862771077509383,-0.8081055319845283,0.5167985098660306,-1.3135684177220484,-0.46547493699374093
0.9378060543737498,0.523143378004125,0.6891992335408123,0.3285599940425626,1.6284573032674199
0.08366588628819302,0.705005459769748,0.8682222354423125,-0.7032207341098834,-0.03263123331265819
-0.08810146877847462,-0.15813019922225793,-0.18396627304668145,0.8389739206766365,-0.007104545313280154
-1.183707332410956,-0.23513403868690747,-0.43420730382181083,-0.7097713669593411,-1.3260886708223203
-0.6292323211252966,0.12475345943348451,-0.5596474617692229,-0.4866506551418792,-0.5481310465905982
-0.7249365972420322,-0.8676138118769117,-0.8585344674778634,0.8536166263638193,-1.3355388490056164
-0.19182776928136927,-0.11192390944219142,-1.119754519774319,-0.7347449390841598,-0.24662226103754148
1.1090743449554308,0.2705957434705209,0.8273250521041391,0.014020745846065765,1.5836843106085678
0.3534841886146699,1.47644264689745,-0.28495113143564454,-2.401155329822777,-0.07211490095071929
-0.04658116813840688,1.2062615447478626,-0.020814853207346613,-1.8240990498905603,-0.5255145632027233
2.8563616535467893,1.2246340027357394,2.8114114472274956,0.35492815023455276,2.371397228285781
-0.2613659129385663,-1.2875199442848506,-0.28138081614717064,0.7681068175913672,-0.44367755229880795
0.11611982818532528,0.2768591215144877,-1.1250900721975252,0.834323967340877,-0.011665817966579466
0.20569228289734215,-0.07627663505291453,1.8229035124139554,-0.8074613716684789,0.906542741301007
1.1619924225165144,1.7871402326878194,1.4328717570300196,-0.8967640292408571,0.9418488056893776
0.440861324217155,-0.4613670832896439,-0.188182682996522,0.7779002022893007,0.9611041830376144
-0.6702596899108527,0.7614746388222587,-0.2016001959711171,0.4032744870711949,0.44872363116881614
-1.1423841020603231,0.004417454089621888,-0.5736374894064413,-0.28632172534082,-1.1342522804018906
-0.3687492242833365,-0.8588209023259915,-0.9046477774852479,1.0193519276951586,0.3215000309381084
-0.8292872362057431,-0.069814884159152,-0.5642063232741771,0.9911172901346557,-0.8952960074240633
-0.21712099255652295,0.24764033979101027,-0.5684870958602845,1.2596540015711672,0.18937477764812072
-0.039212231961485315,-0.12716286231544446,-0.00895513274773729,0.23975600862601143,0.551324076079993
0.8670519331125581,0.2221214982814463,0.43714507572719946,1.4090561694473773,1.1937397577677498
1.9666030228420606,2.0324283198212036,1.2123386674634793,-0.6918166773306572,2.0032976237529794
1.0190144455861216,1.2228980956775213,0.7624789912388712,-1.0383420001919899,0.7129299340574499
-0.5683600887888403,-0.6630745250166818,-0.4405284594327895,-1.4131234372910577,-0.8501153627294883
-1.1531299213716615,-1.4770656061990923,-0.13438178580328206,0.2698919562499193,-0.6514315951929784
-0.3881110819859161,-0.3235355636323466,0.4983376988121916,-0.44755376093706895,-0.32416325278620944
-0.476142072127099,-0.4330573117517584,0.19052316872293373,1.3704069737202456,0.44148044775967327
1.2196855099598396,1.4260173826024445,1.0375767452420783,-0.42693154894486984,0.9850171904382311
0.6265777027015362,1.898215603199404,1.1497339679007323,-1.4577342566564921,0.1375872075944381
-0.8335064745975997,-1.1223127870185743,-1.0731126121950798,0.889330291282524,-0.010620638457164532
-2.487641827027974,-1.5575972048498121,-2.4187445881054654,0.17337294349682728,-2.1477874876264402
0.09168273943292043,1.5569159241823645,-0.08773417271683265,-0.7867733908412644,-0.3376779934172253
0.6085185506286424,1.5737694082405433,1.1141522992404311,-0.43450503943017504,1.0419138801043444
0.5607978489337795,0.5000987299029477,1.113981692915579,-0.6853700828718112,-0.1830954294296249
-2.153386041194323,-1.3695940931742236,-1.3651384113800349,-0.5257154570244906,-1.7857664106721207
-0.15791674670567357,0.001007244755416571,0.4471307109135648,0.374442054498503,-0.16156956059160277
0.42607393099815094,0.4886861542084866,0.02676516545653324,0.9826793560792813,0.8242835853427243
0.291197892419476,0.19665911416047838,0.5650308039237337,0.5156439649503393,0.6621750333035424
0.7508801044286882,0.19960953363851677,0.06009560051987607,0.2287475846722441,0.5972882320130571
0.47501700691747345,-1.225499475963076,0.5702265266891627,-0.6678940807815149,-0.013352261133090954
-2.160026726372018,-0.9715633659397583,-1.5259707354114933,-1.315715152741684,-1.8706157035214448
0.9786511924600856,0.43967106389956845,0.3657665530327897,1.5094234375047777,1.1430451866814122
0.14130160751181764,-0.16896123386647724,0.2359553207769905,-0.24499725279473483,-0.35150032458936625
-0.2057220612522316,1.4522113873150642,0.7511020727152411,0.4317274806255579,0.07792175931960763
1.5433548546810083,0.6041496426710298,0.7245141039454672,0.1710785541341904,1.5372324757799205
-0.07384104885284637,-0.9591969858188268,-0.5928290860709345,0.49633327483464657,-0.29771461494923507
-1.3950234116981752,0.03762717979390898,-1.5264766169506234,0.4630583495077535,-1.0004519449844858
1.8443587380133084,1.247946950170018,0.4382947127357596,1.142712869178914,2.5295850265591824
0.19787241910787895,-0.2953597920094829,0.032030753606209994,-0.871217341314738,-0.3090349346042438
-0.01857731122961607,-0.39000454649696686,0.2513519497461182,1.2053646839032075,0.09831087472592553
1.382120160316418,1.6955805813243865,1.2725090475017657,-0.6901367920739732,0.6167403423648484
0.30638870013666286,0.2717127117013297,-0.9678436135278795,-0.9664714908884336,0.5519382737878363
1.870381973306117,0.6931414825734412,1.3427390130616441,0.0759711910231318,1.9886865869390882
-0.1871082442267729,-0.1040249833885913,-1.048282609688735,-0.3514068170483471,0.33965973446391745
2.2294563828676393,1.4432082865815326,2.52461355462989,-0.3292072197127632,1.342942998912022
2.3377656346679543,1.6826787693458491,1.099526350458212,-0.6765645373862326,1.6669884172377614
-0.5405400243050966,-0.1089699007848764,0.3773200583633122,0.5681466591856766,-0.21815124761291263
0.20927453290798917,0.6928061371601596,0.8389073103766296,-0.96612858241019,-0.14024891589901123
-0.6903193774265052,-0.8774287634476846,-0.5906418911752652,-1.0525786714860834,-0.6535373925989664
0.07716206603626515,0.9901457638926421,-0.6510555189340703,-2.207714126210456,-0.7401336693641984
0.5599628888923041,0.047857210640597087,0.48011217745467166,1.7976393625489775,0.8589201049302663
-0.17028825996151517,0.9238485798789221,-0.5559157993550061,-1.0368397626543129,-0.22155022079834147
1.0426361324102034,0.9862002792564802,0.6932397863447035,-0.9148775418469329,0.68399633562719
-1.7067053756247192,-0.8930670747617875,-1.693151003385666,-0.36138248920744925,-1.4330223906671302
-0.6064510110742796,-0.5979372451069098,-1.776683708649886,0.32117959923440165,-0.6527196737012761
-1.5485943490467793,-0.6056826485289438,-2.4132837581083413,0.8502713448729425,-1.1873688820725852
0.21256402197966395,0.3455550914539586,0.3339346858116803,0.6933239806979554,0.14918033984219317
0.10990572221274833,0.2863694168340046,-0.11756112855325117,-0.7807031991101621,-0.4100821964406819
1.100929776356931,2.39114573471864,0.6459030907364294,-0.1827943681497363,0.7205605868912487
0.02978513105581847,0.6290959510362103,0.5833032515217925,-0.12286079993905197,0.13861435151914345
1.026553594731752,1.5020280331133091,1.7246145112314508,-0.7452836353311006,0.4002115692584331
0.07095108934931338,-1.2989134371579096,-0.40070174999164837,1.9396466557086474,0.36610893050489296
-1.2638481490314368,-1.940998353643485,-1.2034857862539363,1.203692803350723,-0.5594530705202192
-0.2536963437992035,0.34244785451687354,0.589579012445711,0.4673970428399469,0.6196704081697537
1.2400953849338079,0.5830367511891266,-0.23584835646548158,-0.04557943341791967,0.28238823119840456
1.073946103147122,-0.0037686203708252176,0.649864485320409,0.2875124008419035,0.8445756368367767
-2.027888561828895,-1.5257586297137824,-1.0799219823160684,0.5109467343300234,-1.446619812570205
-0.61872451365582,0.3593624843991159,-0.2944182571909091,-1.1373383478354613,-0.9711110787574216
-1.0276670141229511,-0.5331125809517744,-1.9118940266366036,1.2718645672670752,-0.3356947339059194
0.18916573662739652,-0.36514487593604855,-0.30313841794685786,-0.7394577545264176,-0.3959994228498513
0.03310207794081435,0.01908071165022685,-0.5306911702264093,-1.1853471368810071,-0.4462119732657546
-0.5415782173531786,-1.0300282619389194,-0.350769068727856,1.8212394329251425,-0.24437944733640718
-0.033624544141819014,-0.2348863837765233,0.4904084296948243,1.0397552409286672,0.14078725002306253
-1.1176432485419092,-1.094989529462906,0.1261982721279853,-0.2877844478253737,-0.5980459173808956
-0.25617250850007656,-0.24391569551970302,-0.21047629948964564,0.04517444254849005,0.09086364870927237
1.3600416112213143,0.5957442371325619,1.1780797892689194,0.618421975837797,2.103701650911081
-0.7143143036203641,-0.8003664448957066,0.07664898639053887,1.6569399945046477,-0.6943210416948884
1.559823855880512,0.936860023881125,1.7567185604003608,0.28543966581092567,2.216002806159038
0.09179681145316251,-1.9149879568921184,0.6266879932275402,1.1884359992345754,-0.2509063093205985
-1.1487103573263904,-0.09302547864210674,-1.25076421225603,-0.06938290430374768,-2.188583975969689
0.08097912483745766,0.7584924302578937,-0.4245574317926847,0.15079695754304115,0.22461746593427828
-0.5644084268590303,-0.9326559760000928,-1.3692774457489867,0.5420969252350475,-0.1443578274889247
0.42013809744626524,-0.01883983329556324,-0.7228056207446045,0.2529259644974503,0.5042608781759761
-0.4429928100208422,-1.4125303861666993,-0.15914821229846762,0.7587287702866434,-0.19647376789633011
1.4252818052947342,2.4408424743099606,2.0261145120106754,-0.7890801013745619,0.9030859506887263
-0.46158518406120996,0.6572608097181838,0.5246296085954363,-0.4085990920176967,-1.3204602146439037
-0.551383965422788,-0.5655411097606048,-0.11566580830673721,0.9509805813975801,-0.6846419915406698
-0.8127033619479703,0.4312621961277555,0.4216599318306512,-1.0057731266230066,-0.495531773880072
-0.1663096486718208,-0.21572309695074676,-0.7199133700242688,-1.3785141435372303,-0.8700752112056708
0.41929400059742694,-0.7605858038376055,-0.583935625378117,0.4865397603417418,0.4650860908148334
1.0997331955103644,0.7918982818796674,1.7211482719133662,0.8194538393018093,1.471487376594087
0.7718042916225094,0.7801757668662714,0.959132728972264,0.1979771356998423,0.5996673134481991
-0.9083513611022364,-1.1125512051688016,-0.9023784901319932,-0.6760364854904952,-1.2326245908931532
-0.32887094630331337,-0.4578313960432515,0.012780579794553623,0.640868962615708,-0.1891268765370124
0.7883269379929874,0.10791394574628502,0.5473541329479947,1.6681676764824085,0.7567613141909626
-1.362305431750736,-2.105693898289961,-1.1882744567024548,1.015945977080278,-1.9919396854980407
-1.5958201041468205,-1.24535830516819,-0.39336315781480025,0.4468101870073155,-1.040282242999494
0.5281648337228132,0.45901989327373705,1.2886710031297108,-0.7159222299710069,0.22978135731760033
0.8892955316875853,0.6023137351458501,1.286067896146727,-1.2846442645049518,-0.13413852609261762
0.37245410507006144,-0.7330387750475351,0.4184737259748084,1.520500377783212,0.4541891722133712
0.24221593676543635,0.9404592704974545,0.061496930120110226,-0.2931192436323885,0.41029504597178634
0.9398277021582708,-0.8314728681364971,0.853964492196705,0.21438472272753795,0.2607930522961053
1.3678190849779681,2.7624816248190744,0.9280356048939885,-2.275230878978769,0.9833107913665614
0.8144446636262286,1.4944932743578767,1.2001234156719551,0.02386794463205989,0.309289563892858
0.03792165006778922,-0.055855362343914625,-0.47646973273355564,1.7036175224243835,0.6033683029626494
-0.405047415159529,-2.385953693374268,-0.7079426154934837,0.5834247472869417,-1.3822504860357856
0.3761968942914379,-0.9197579791225993,-0.8461188330810268,1.3745001261214207,0.19518896121827548
-0.39763204301645894,-0.03959996262177688,0.2661348211494604,-0.18664286001439717,-0.34156165455426785
-0.7155434920408853,-1.1238142558080022,-0.4715184875369228,-0.9001378394894571,-0.17163429203372624
-0.3332994001111784,-1.1306859100813518,-1.5388063900655913,1.4955350425563714,0.40897707170179404
-1.5053510386601907,-0.15671142907845628,-0.9047688126162425,-0.5455464457310398,-1.6508947433025172
-1.9182392017307544,-1.1074267056180003,-1.972625357443452,-0.4752938245647252,-2.4489297555135403
0.4026691900618565,0.2666968032721974,0.9845799857199578,-2.512708474308518,-0.21666080474233662
0.6667801366644865,0.19436529265634844,1.213182461311017,0.1765100455443066,1.780190819795044
-0.3819760957934735,-0.40760238576409696,-0.05130969195931556,-0.46840939550518307,-0.49283820397191896
2.306497897433391,1.891887216892759,1.6865876384993301,1.2971984898882511,2.694537272531821
-0.49250162049054247,0.12175799152191094,-0.5822526426850979,-0.49640709695772517,-0.2636916863140082
-0.11274618617628195,-0.9515824865475413,-0.8182821705211341,1.8114317802989155,-0.27521990611770625
1.5619205991686873,1.9913649466890715,2.3133111129338055,0.578534393554602,1.8664378993986006
1.7915258130486444,2.1748318617244826,2.3197401774629145,0.006138901640992152,1.973938383351157
0.20439626472147807,0.3109685468553402,-0.25662314037833767,1.1617269357766735,1.2226282229482857
0.3809554197275647,0.20354028013830744,1.0619035255566107,0.3400988531137686,1.0705208764139202
0.12097998712483866,-0.47851389221065455,-1.4470376283895938,-0.4277921754223712,0.2376293847120248
-0.6800568949307241,-1.125171622458253,-1.4341595347043172,1.8810158654685147,-0.47867826990536183
1.3105385826637024,1.6377073066785477,0.44315657648473417,0.6042110353554788,1.3915693387556625
1.4643944815807812,0.9420055984822785,0.2780397147196009,-0.7643998678756413,0.3502209762194101
-1.7319336746221996,-1.3892770660973683,-2.3487032486843096,0.3451114199198423,-1.4595460772176874
0.16300403503965985,0.44515186839728665,0.627944958630403,-0.9360619357351054,-0.03647171449515309
-1.047387017743216,-0.8861585850772093,-0.6912064682688558,0.004238688961327165,-0.35007332714074674
-0.9882445981908463,-1.3455174744522598,-0.3560352803127313,0.5658261104943046,-0.7774945711836457
0.922357348245084,-0.07889629515159555,0.30116793076931114,0.04333801769134865,0.4349600274158154
0.25227827688939874,-0.42351501576449774,-0.022327478826716683,-0.6584052731642929,0.312394326675905
-0.44889853382354644,0.32282989852049554,0.44993497588077147,0.016999928357903805,-0.23373586358323167
-0.33659187804788154,-0.4874759384577503,0.05043573369194901,0.9370724095678554,0.9642594751378364
-0.3235753104290041,0.4888004769605068,-1.0749051684015418,-0.766419042909161,-0.4877327375908351
-0.012359259167839158,-0.6306127439284317,0.48319047531941933,0.4704582851448086,-0.05437004912040244
-0.45629693566946866,0.507462874778921,-0.8806257019011429,0.1496851508585349,-0.9569368227218585
-1.916799234658282,-2.3709851752210596,-2.111557212883529,-0.8125578553115644,-2.1875633972033386
-0.5993259475842335,-0.2678133179868474,-0.5752902855386389,1.0320371468523544,-0.43934756029542704
0.5797660801623737,0.797545399072457,-0.07993595199320042,-1.1713969469967034,0.1290188760344961
1.2238701873252973,0.43183193169064943,0.8115602686812454,0.926383951316884,1.8414513516839484
-1.250350980533474,-0.3489658495204774,-0.21121954799834447,1.164489452589382,-0.09605198438340817
-0.6431044847137002,0.42632752772936705,-0.22755143983657636,-1.396215654177577,-1.4379700673968445
1.2802276611292895,-0.058450446051186905,0.8667092555974198,-0.2407571037919487,1.9666566055993289
-0.6054266137368104,-0.6524036228508234,-0.9192193772335107,0.7649853470370338,-0.13452028662771973
1.757253267160296,-0.8117367106985423,1.2861856698860272,-0.17660686551511398,0.7160528216701674
-0.5730663485630606,-1.1773299269721318,-0.3037941385122947,0.7229655629472753,-0.7213639572605777
-0.26801541179256283,1.0196513734518764,1.1672865327900157,-1.1965490137881452,-0.32689956527578173
-0.537651649304718,-1.0892826694323836,-0.03816817625246887,-0.2865164789677582,-0.5691447727178911
-0.6772134963657339,-1.7536555897734456,-0.10780074578322571,0.8531442582252128,-0.182276824633874
-0.10893003255942738,-0.790476170284702,-1.1090935381694822,2.04117173133621,0.4323932575536236
1.0720800919343725,1.703853432004275,1.205325585017315,0.7798518127921229,1.2127101265481266
0.5978095759148233,-1.0257269916555718,-0.09706162181965697,-0.4038922115146721,-0.3026898391977681
-1.8009762122693247,-1.7206337736872757,-1.5248034829902628,-0.285159822759132,-1.687822403063058
0.6894578167058507,1.3726404414476208,0.6048405968063184,0.72969454694233,0.5584303059076484
-2.6882298352174785,-0.8944758909195083,-1.4840470377237684,-0.8327289930001195,-2.384002077283629
0.27173722380481197,-0.029935756354607344,0.38647534111506077,1.111605753067552,0.5030938171482942
-1.4130956452243175,-1.7398288075899488,-1.4759609735098207,0.6662079820619744,-0.6212753911674977
-0.9793038897249959,0.48268971432949137,-0.26370987730176954,0.02719976610472839,-0.9803756734560402
-1.0308727551551773,0.3696744920880171,-1.1229114511056029,0.28608124505950494,-1.1508477394872236
-0.09124205394182444,-0.15186948605395637,-0.2591631759247527,0.06339463325064214,-0.3652829930300699
-0.33424511814937835,-0.974232130300423,-0.7269044804077803,-0.25117489052167796,-0.5696681947897961
-0.3782096086196971,0.34355445632178805,0.013185173508921259,-2.003525358837429,-0.5341628732419432
-2.1197736567169096,-1.5521019654176949,-1.3415148272298822,-2.5512492261673456,-2.9697418184697257
0.3277221745869674,0.8113453670062049,-0.05353663825975362,0.7882573969598694,0.4716773043042567
-0.37981315532921445,0.49916706203552713,1.1762814580488312,2.199585202932658,0.1172251607872318
1.222853697058648,1.452959454359123,0.06729648110549,1.402088941608534,1.2144130673372602
0.6992767731603464,0.34849665450285006,0.4379285215460238,-0.9144938043886498,0.37909798792013355
-1.4682431690235578,-1.4127332984756196,-1.8495114756801256,0.6473517971261931,-1.998090177226931
-0.25979961698924303,-0.3238128137514476,-0.01638462787167165,-0.348838311273416,-0.23503757595999564
-0.662808663483654,0.4783226932624655,-0.14120186726432665,0.35939231169523733,-0.8846031374241737
-0.24504523858038177,0.7428822481298942,-0.05367739126520154,0.643226001230507,-0.11897813619080831
1.030123566524269,-0.10367781073981021,0.8558083004165808,0.0719771913669164,0.8673552833489157
0.9091240275186729,-0.11098890195357314,-0.002915148340279989,1.671958969952125,0.7075091910691234
-0.6096529966361645,-0.29498322454782794,0.8249702967267714,-0.5545317098493789,-0.09672630529002188
-0.9619907400055417,-1.1087208581511738,0.2731333065741044,0.3147083037989886,-0.06399274149679439
1.020070890342618,0.7946505286930051,0.9170916718139283,-1.1469322362726504,0.0020168911923405296
-0.19004543620222902,1.3135636423524977,-0.8050822353584421,-0.17049473217007508,-0.7512996116305671
-0.2306069339203803,-0.8796647096720492,0.06781140814562227,-0.18946704611037174,-0.10962580472630135
0.01937540043449916,-0.2486659059080316,-0.31622501609978665,-0.40320939607303613,-0.319106189235707
-0.8549482102545184,0.25764335971566693,-0.5298714439331133,0.7691237464926475,0.36815638416421387
-0.8501889378669696,-0.5746394405045624,-0.49511277207685506,0.4246987101284764,-0.7258751908440584
1.2148136803716454,0.7266750987182587,0.6541186817207535,0.6305086537534361,1.5379391397547497
-0.21206297621842932,-1.1898047945056058,-0.05788133888292367,0.6083230199403061,-0.22153958102445764
-0.2031478466608707,0.3253408510255425,-0.45828277214897867,-0.6343154697307476,0.024060173803463397
1.1694163790435828,0.9336919787756347,2.1309933248718504,-1.364842081950522,0.8564395543936663
-1.0824855878204418,-1.4012763663454217,-1.083580345903101,-3.5751785638790694,-1.563490498552486
0.2807533963739235,0.6892444063141883,0.30033513702750275,1.1071602395854918,0.7904932658894717
0.9813643477752011,1.7157509743243327,1.6615165158202985,0.08367572962539309,1.2432797322052065
-0.6807404975859958,-0.4184397517450251,-0.7830871017187648,0.5455919000040285,-0.37645369461005224
-1.9645260568011456,-1.4913919966174762,-0.9344072969966697,1.6233792258486024,-0.8874737445443986
-0.3204938779264472,-0.044310530814512236,-1.2238713221648798,1.1700790962055778,-0.2826255113951898
-2.101143282921102,-1.9148707820002746,-1.233828705132864,0.10355241729241954,-2.3939413569059576
-0.7156859465435927,0.02468887785605739,-0.5126433030439568,-0.6516448669531496,-0.4154974032255373
0.42167191516220787,0.0871729679617632,0.01815433967341423,0.5011562459808958,0.5650888444024776
0.025205225450789643,1.6162649476629363,0.4037566646052779,-2.0360250502663106,-0.3846571028741832
0.25826607486445613,0.5115376361107684,0.8363434554013097,-0.051230926232274134,0.8454424821578519
-1.0168223124742068,-0.5532599365221668,-1.1682368105914274,-1.026930011237076,-1.4011939896417123
1.7855683594430216,0.06798679985320173,0.35017864426088025,-0.530709779235857,0.8431235636572308
-2.1991623667425273,-1.6305797105981643,-1.7459007460509528,-0.18070055119644512,-1.1442960790466379
-0.27098525121933703,-0.8614689887197823,-1.3191960586816358,-1.7586325844724786,-1.3732585754079816
1.560004838062508,0.6163350504816474,2.1700417950589546,0.5203936155842973,1.1179179562668202
-1.529710993224437,-1.91139256224304,-1.7607528883866448,-0.4758557469224098,-1.4798969646122802
0.9998945734293095,-0.0011196317749832207,0.907655813237377,-0.9577542399218376,-0.44338799693280706
0.4529549062457706,1.5101877539318913,0.4436312347810874,1.2459240307444825,0.23689817272430005
0.40880877171006497,0.785766019688717,-0.3537991544954379,1.4004786913850373,0.6807265089437572
-0.15903694744830443,1.2145988089974138,-0.05347642782916648,0.07847912509476596,-0.575091507912625
2.1852771650176215,1.0993117775444177,2.099113659065404,-0.5065425111101677,0.989018092818962
0.7174045560762092,0.30128867552868593,0.20376985819151833,0.9817102449139239,0.7478206776605105
0.3080059536491577,-0.32883823065490375,1.1989614654306124,-0.057264491383606335,0.6713070071429276
-0.7842324090715184,-0.7266252454978915,0.3456339343938034,0.009979469254501511,0.12655084181054302
-1.0016029963888957,-1.3465067856750543,-0.2529673389699516,-1.3795945951592146,-0.9225081501986913
-0.16298738675183372,1.0497395781186574,-0.09278115787682378,-0.11848340066105323,-0.44034405435885116
-0.6995856211086571,-0.9021573156039111,-1.231066831969224,1.436867063138295,-0.43980406465868127
-0.1711854235643659,0.2685353364356907,-0.8426085137028099,-1.0125135828983747,-0.9411714144129603
-2.2519895052685013,-1.057439835219025,-1.6332066097758946,-3.5165057381569125,-2.985254679540193
0.5494096129980565,1.8028898725450617,0.856415848642876,-0.2810292714553674,0.9024091196445774
0.737174643973175,-0.2947766765146935,-0.6418420444541765,0.6712198003892934,0.7323776996274227
-0.2880212150311477,0.7036453352602692,-0.4070219731226453,-2.5059263359297437,-1.7807071383402133
-1.8267908499794743,-0.12693638857221443,-0.7689973981066827,-1.3797287934544398,-0.8919073203637404
-0.13186789245605918,-0.5832996081100364,-0.08132321717853949,0.7765639382349977,0.16942739691184738
0.42181900151820306,0.46441367382135323,1.030733869699134,1.0549487866392793,0.8976372701210261
0.033439356387943646,-0.18351910063124158,-0.07457890191455903,0.3815668000737794,-0.700909447640895
-0.3508428512493779,-0.10578870586433799,0.6842895456907174,-0.25565741551280746,-0.045600839801115754
-0.23624362530746562,0.042599284400823646,0.30676071173693087,-0.4113236335268657,-0.04986274346685968
0.22329844153504205,-0.6996154813543295,0.5356622174470798,0.9579925719507414,0.5233811559165428
0.02929470654275975,1.6011297661998236,1.268202308130217,-0.8224071164031075,0.12874700850826656
0.12506850488612,0.7744132520670768,1.3498935870461368,-0.4739368292105817,0.18277325308261552
-0.23033897312915833,0.5775754784748596,-0.6026786794937776,-0.1077629639264487,-0.22431142050300412
0.8013280232521082,0.6869979830072486,0.7171758841703122,-1.3358668065529569,-0.10557724307721962
-0.8066932344280506,-1.0416742702443231,-0.7177394718187619,-0.27072820988827906,-0.6008801678476801
-0.8895852087118444,0.14910107007655526,0.15758170561372953,0.9622732604009859,0.5645247380979078
-0.9445610013755525,-2.092392324533769,-0.7261130146872538,1.5063062742272246,-1.0276865816589895
1.4201651187912927,0.8359805766776319,0.43075215918283194,-0.6350129557444737,0.662574727356272
0.5191655919845741,0.4099025442200594,0.35050907492071687,0.06807159953970353,0.23835734466184705
-1.3925036635904349,-0.5406508214941876,-2.004018275031449,-0.057864716300151345,-1.1545937297523892
0.5912925536362067,0.3916071028501987,1.460151638931648,1.075654426998594,0.5495604247799725
-0.982879264712456,-0.7230209361832282,-1.1638271318372246,0.594623831683894,-0.3048669505579664
1.9626699523996658,2.2401128448609935,1.6755546538192927,-1.307292073679921,1.4085875152695488
2.094338085114828,1.5738087081708036,1.4098732389491566,-0.350013550496167,2.6126149926195854
-0.06290341720571914,-0.39860601633256215,0.884082015991193,0.1396601587394508,0.4869992953547605
0.11150371093457917,0.13017858545604216,-1.5463229050954348,-0.912333465770168,0.2799792380657146
0.23841292600524897,0.8838220440747924,0.11241866620387653,-0.11390465490263915,-0.44457550043729427
1.2865061591817302,1.045014712325663,0.6254077598706601,0.48313758081735714,0.9545703454099238
-0.3603060661568218,-1.3937316360039127,-0.7986755014071946,0.30366295301099205,-0.9666848987206198
-0.22600093859927126,0.05531064500946556,0.6609728594637388,-2.3475839193738404,-0.9117912788753106
1.964219765821886,0.655035103838542,1.2352724075452328,-0.6436613036490545,1.880790155575083
1.1145091402303835,0.8369995799172308,1.0837125120650257,-0.6456681102109758,0.1810820624412938
2.3962300126275498,2.943986892413436,2.2232049819306607,1.457777349428914,2.260009649945505
-0.14887391733568953,-0.6035934507866506,0.8815799430888283,0.7332062299567833,0.058676323334469385
-0.5861332969547546,-1.4370883344809897,-1.334811716547262,0.4816086675318888,-0.9299536342874043
0.819679918943837,0.7390251910540541,0.06563839665216926,1.310779087500177,1.2286093659598114
-0.1326140800298094,-0.8348100649068627,0.7061127035620093,-0.3486193050607899,-0.10584363645139615
1.1112481430801975,0.7697248673883557,1.4221720623244012,0.37909894564361907,1.3768430701798664
-0.9985471046527268,-0.867692777292282,-1.9153113834351356,0.5458435404833822,-1.0184120906512624
0.8208253016563003,0.5368107030396595,0.3501768894095907,-0.666812509873268,0.25522202723931686
-0.47627771962274984,-0.5060966128938281,-0.20747287032580566,-0.127056793739487,-0.7676231064964413
0.30471553236161836,0.40394600107336326,0.665798414651223,0.9257594081321492,0.3535850649156627
-0.43449953493676796,-0.7058699242864048,-1.304466061779501,-0.11335852978815669,-1.1033963997713023
-1.1986503974739626,-1.3261556929794613,-3.1261893412120134,1.0255872662833492,-1.4585714947627695
0.11065115845159937,0.10719853574786134,0.4262607434169475,0.3073360081854592,-0.2681237060172238
0.5745920535005598,0.3826286204576903,-0.49035890637407725,-0.2904753356582385,0.03406122400539314
-0.25988022742281214,-0.42054636441815746,-1.1579010113197485,1.1066172409639916,0.7642715624406028
-1.5338639085962458,-1.1584230914282243,-3.1365695248986047,0.1617076218043986,-1.7078252984004014
0.33638798706707157,-0.5678973776015463,0.23791626016621623,0.7452224767175782,-0.48594119000085656
1.9707185517920545,1.6700189486478572,1.9224065107691983,-0.11640975897083107,2.473766398324233
-0.6062554327209209,-0.8218469965009066,-0.3757623791593204,-1.5212738149798541,-0.4708658147101977
-1.205831421069692,-1.0860653640454063,-0.04965367388344643,1.7288246804178988,-0.7331448457441493
-1.2395149717432594,-1.043327925343547,-0.32018566408467125,-0.05088558671683832,-1.2903869150146519
-0.30569534916330726,-0.7299872974804679,0.9527359905390833,-0.6028235017531722,0.5236300564993358
-2.401357736016672,-2.0829568875776974,-2.861812716661262,0.773597360062983,-1.6891063444381231
-0.038888085436647894,0.383364001121576,0.3917175127538982,1.5491600417068527,0.4994945909156536
0.44218902634738383,0.6345744323385992,-0.5798948060096969,1.6098726806878059,1.012610501705948
2.277377147139109,1.158299873310649,1.5751886742966712,1.4637904025751154,2.5019142718237957
1.3935251617614652,1.8641455236992284,1.4300672356376174,-0.3551492224716208,1.560755659176783
1.5467484847625537,1.2863099496649564,1.3142041229342218,-0.07862680230655249,0.7928452602573264
0.02433348861700608,0.07590830392614538,-0.0905610819826569,0.2542674735024688,-0.23019239499756117
-0.75629834643725,-1.4928548322654476,-0.6055007129364339,1.0677232734168525,-0.9304686935292853
1.9110028895686844,2.209852570700022,2.3990705094116773,-1.1925626887225398,1.6151908417653007
0.12440615211356176,0.12393087762521718,1.1657617693694955,-0.5627913810137506,0.13507414012386518
-0.338456160244955,0.04353055781809061,-0.1156829702727581,0.8185071056033608,-0.19927610059324047
0.9881280512205586,-0.7813911943243687,0.03184233583543442,0.6910149569960299,1.3364972664839068
-0.4133887721476535,-0.12280271860681509,-0.20948537309207685,0.1462776249994117,-0.7896756148407996
0.6736649988285481,1.496233342000345,-0.056056444648575995,0.28857100650428485,0.8459946059837111
-0.1746387815733448,-0.2398407696040339,1.0810189567894253,0.8591632721351284,0.854683106355418
-0.8692620646015274,-0.9143037627419802,-0.6334366172893156,-0.27445569861897917,-0.6226566499772255
-1.0761180208597716,-0.5640032903860674,-1.3882429695984448,-1.9201024863990244,-1.6176712457101268
-1.1636560964843965,-0.4890025856492966,-0.9760581982738576,-0.9066803222516367,-1.4804953783872075
0.28697696452675614,0.5219119051989163,0.5177021377373091,0.6363824062371718,0.41108207460534396
-0.47257719438439705,-0.6641676093703827,-0.04696128860855035,-0.7965212915617174,-0.22361820717253866
-0.5230122365974408,-0.1562263146070537,-1.0578179751040149,-0.03205222189726555,-1.305592129131839
0.39293264442863945,1.3257495656811413,1.8064321906080363,-0.4314828893281463,0.3689253757897537
-1.4541863243053188,-1.9243998478606341,-2.0204751741634204,0.39761490120309256,-0.8623807887426043
1.3276266910504717,1.2135053065177135,1.0426394098685396,0.8091928451409386,1.1844224168060784
0.5326888074621341,1.4601584919841593,1.1460017318297082,0.9614498455794291,0.5338448303261509
-1.6783587655998773,-1.302584806518538,-2.6441099662815084,0.8274374590015845,-1.7367879674615923
-0.4550779035062497,-1.0803216564213804,-0.16361981287204425,-0.35156738135016213,-0.5027261556979912
-1.0626541164039727,-0.17215135359129025,-1.3503977327254781,1.3717735449079114,-1.0060602003201298
-0.5971389320579814,-0.6321277956084256,0.23533044739508666,0.4430303011174238,0.6266575817099472
-1.5445971336556565,-0.7133390770454553,-1.2998908133473306,0.2762792927960676,-0.6132488434696264
-0.10928586187677962,-0.45402608015462254,0.1804278331935119,1.1407901236415479,0.2772345157059031
1.6196244906024815,1.7913314461341976,2.61528533836206,1.0501580422997876,2.0137752043224775
1.2741719921679266,1.7261949456897936,1.637778610459186,0.49521946819140217,1.1588088776017325
0.5969599337656581,0.7848426380597363,0.8338490053310478,-1.0002442547760129,0.21652730612965349
0.9765774301492438,0.046517218291604934,0.5516748244552248,-0.5067456053165946,0.6230610313828457
-1.060099799042892,-1.1544017961597985,-1.1789459421206365,0.35998599078731136,-0.691483965775218
-1.09724583799881,-0.6501692701267756,0.05239778163802747,-0.8450865137558485,-0.9502738896003186
0.7688012933818944,1.1648956306297,0.06941212459655347,0.13955871954127014,0.4795649740813192
-1.562541900943147,-1.0562502638535205,-2.0692779918194364,-0.44072288796488496,-1.7426206400953077
1.2862076982817061,0.45813598380130993,1.452246534742837,-0.46743491848162483,1.357909537194923
-0.3423907684077606,1.0296260627899612,-0.8847396124827307,0.6982775202049364,-0.6978997805130076
-0.780962261180806,-0.10761162809604445,-0.7554335054160689,0.07771679519676404,-0.32646175518842
0.9273673401201963,1.352668754745488,-0.23469988877946893,-0.7588882889230546,0.19893518981233915
0.35991206886123706,0.14946100212097435,-0.11158012416737981,-0.31874743119647614,-0.1649326526373143
-0.3669775394763383,0.18631442786871322,-0.04588674771315694,0.5899680176776468,0.3060794749941663
0.4916088863944114,1.2037423056569343,0.7282133316612298,-1.7365358317306057,0.08085580030426352
-0.4207470001074686,0.09997714867001756,0.19070045377303907,1.1102424589306719,-0.04640404933513856
-0.3885983482434324,0.6006670531484586,0.09440167900022081,-1.8797144039714304,-0.6903430525883285
0.5960758835299346,0.9777815875603277,0.35189238439657833,0.9913222395047376,0.50675880068475
1.3102083424132536,0.20605818647074411,0.5658384835634129,1.314183707146251,1.0925934576211966
0.013143636283725169,-0.43367516138092,0.04204566645523102,-0.9830938340891885,-0.4627349147746804
-1.8852084574615122,-1.0620746401558905,-0.4769714501939929,-0.18424478290293142,-1.1049947831659706
1.1769248051929961,1.4061012772639396,0.9614211242080987,-0.013595931407641901,0.6517040900229737
0.37193851904864467,-0.2403714456480371,-0.34390831055551335,0.6620763000767309,-0.20904173396132858
-0.1291685027202067,0.2789776101685389,-0.8153609829145738,0.4889018901052,0.17753945562195494
1.4269428022556871,1.790774881802444,0.10375514344801362,-0.13983036151835268,0.9238129042805372
0.46735298475968956,-0.8899930548634222,0.17747015261009022,0.7265786694584458,-0.455981618952737
-0.16367655595673714,-1.2416947449284303,-0.151744872175596,0.7334778776952949,-0.3041160441041883
-0.9517934177037208,-1.202537555009165,-0.5910881775635087,0.7077570522573647,-0.7061903387444466
0.649822532118384,0.5436035359681726,0.22311813623352816,-1.5298039908865961,-0.15868564866428445
-0.6239254576585415,-1.1118973150470675,0.22486291013141604,1.496488196352363,-0.3651963721062297
2.4005648442155936,2.772282270466058,1.8511902971245122,0.5672107144338524,2.5298359259529817
-1.8833667966237648,-1.4835298290725807,-0.9995451052912815,0.44024839332162125,-1.0787667947807993
1.2689312203452712,1.006875218948836,0.7062061825967149,-0.2587440759743987,0.08370519527609958
0.4456531871990346,-0.2983313456771995,0.2974933327321783,0.6164509197762739,1.201410051678129
0.3426561578221475,-0.8910535564899285,0.20801753600641884,-0.529332034349802,0.09909192644491209
-1.5395188020974908,-1.0393669935557246,-1.1978474722474286,-1.1324618150160357,-1.8356964091358843
0.23888838448574515,-0.6317726261430735,0.882635898378286,0.6339228693303575,0.9265081116619037
-0.26033251927589723,0.33275591856770653,-0.2515541438801041,0.041650914071193104,-0.9568007735772849
0.007341552008923474,0.7252208849410405,0.7039814118901,-0.6351219969312347,0.6189474901638132
0.4424010632706202,2.0100773686550983,1.642616495026434,0.5272433460624887,0.5077764051245567
0.48241337491853004,1.4613024033808362,0.8845073910138403,0.011463408027516196,0.163204049528896
-0.1486944478435345,-0.17867733800952013,0.4900055510818106,0.9357386764564476,0.6867209074269964
-0.3053575737513085,-0.2819829220524409,-0.19965262930311511,-1.2659202408900503,-0.26018528155002213
1.1680888899450688,0.9528779841004552,1.0451641241327467,0.012281511103456613,0.6632299427111854
-1.7199057840329326,-0.5080664187093663,-1.0547018818425504,1.7311468473982188,-1.0454333426534095
-1.066541378925821,-1.7733166363698738,-0.6136008562691948,0.49542578709430285,-0.18559193596965995
1.3985204508641202,-0.2419283061467265,0.6248412274051183,-0.19724259955432627,0.32468309535074413
0.24141628458824027,-0.5631358650239708,-0.3896573514143279,-0.8766731985362833,-0.8340097135552483
0.4170294320333641,0.5240640674657403,-1.5191887313325696,-0.045319604467372473,0.9780485637559644
0.0116338826625539,0.08504518705084113,-0.13486550877134457,-1.5511579107528273,-0.667542441459092
1.1491889469512602,1.1265578371035987,0.32399328721640325,0.2560312661976352,0.7511084416450368
-0.53388757625451,-1.0107891983612838,0.7189445254598319,0.599961718030456,-0.31539355067322494
0.20653195867649035,-1.3322064103159716,0.31260219277524015,1.076168084392487,1.3687860488193673
0.40555821620838917,0.5361583029409357,-0.6922391424306088,-0.1769115381902215,0.24449099845561129
-0.42172027150445174,-1.3914375092856621,-0.9128023840426142,0.36113953367954005,-1.122683404737891
0.45020640088170116,-0.8543442202878971,-0.35843095625206783,0.5644370204237696,0.19573580482914668
-1.8715506206748427,-1.3987689111681518,-1.096589191875106,0.5555428945696791,-1.4687328686401486
1.9060258719148073,1.5073299067197257,1.270621509521425,-0.19018346117412377,1.3341585312110715
-0.7948174237958652,-0.27227841197780916,0.11979348379383606,-1.6676694120701605,-0.9856649630286715
-0.5748764116387133,-0.4428770196069269,-0.8076029272083308,-0.4075455575774905,-0.5888201894497966
0.2250816140028114,0.2970815643326707,0.19541738156049798,-0.29033160472298375,-0.2766242541629455
2.334693208155749,1.4039252242139437,0.8111815587983002,-0.3671462244578567,2.3484621285454677
2.0094883289834824,0.5929403466413463,1.937883843519027,0.5964932961730602,1.7019980107611217
-1.4070930495231362,-1.9274799696686562,-1.073679817128151,1.02251231299429,-1.6175277079988204
-0.9881183324568928,-0.8050086026034895,-0.7172451139647738,-0.04018549450244487,-1.045115628427763
-0.4901211462037168,-0.31802797972365027,-0.4300568161102701,0.42250643273217897,-0.7238628230007611
0.8210099825853423,0.48159348361959653,0.800346274241922,-0.23710200817138533,0.5670687556455342
-1.077778765227159,-0.49677272046978965,0.8646496984123282,-1.835954653375946,-0.7336030574997496
-0.5940769441001377,-0.6256434048964493,-0.5926086011542333,0.7507820614257803,-0.5032195688368459
0.7279984112247658,-0.7818319633963102,0.6618994901521386,0.2887729721188017,0.6296359852359156
-0.7713009500051305,-0.3561577966380148,-0.9653635044068456,0.7773764803911994,0.012894835163307592
-0.29015539183077305,0.3597711669038865,-0.8812858500309364,0.4524202405442073,-0.3829512840990995
-0.6599604423157536,-1.6378310875460336,-0.48790921875978904,0.475316697596173,-0.12060607142828869
-1.690590663203453,-2.0100142723217735,-1.3074151724305083,-2.403447788864048,-2.611481512188418
-0.16960482134201485,-0.683377651248028,-0.8132024429067573,0.19485612327456456,-0.48141467491810935
-1.3563563791950726,-0.3150786269184832,-1.1667989204084492,0.9893345766125776,-1.2317944623254569
-0.3278375015906475,-0.0692523438110508,-0.37941739215026105,-2.9824823340857116,-0.8480874903334557
-0.534741347807673,-0.9992984934884955,-0.7709957427220048,0.612536916991742,-0.6398473732771276
2.618228392561222,1.4092121824308712,2.6909446499087304,-0.7268171504775867,2.0843535825986756
0.3190208632013158,0.3739961486472224,-0.6223277280164916,0.1844693902916906,0.1941566323050615
0.35897370282187996,1.597105179727605,1.3296243325636443,0.31194740220151684,0.9314931122390175
-0.2133635328022026,-0.0044277752110767335,-0.25957745092904233,0.7574092442356211,1.1997232285501072
1.4573843466498217,0.9600866336718112,1.5373970122644696,1.0002515714012088,1.4572564644340644
0.6479665233527371,0.254317000266521,-0.40427349324515505,1.0097320608423748,1.113350072224802
0.1738711297731301,0.3136512209127078,0.8202027949353679,0.7556204801978866,0.570107388572545
2.3025814337608432,1.5652917297099715,2.2456255409043266,-1.4373552257534654,1.5802006628657455
-1.2664782317186283,-0.18294973217295063,-0.6207850316908687,-1.9896583419661042,-1.0536562976901211
0.7902409417834838,0.9261282233586084,0.0935760799436033,-0.44201208489410876,-0.0543093478766704
-0.7942797250656118,-0.8623791644005612,-0.7732495442481658,-0.2983987214623797,-1.0737812926347345
1.1363646140477945,0.12869122548942544,0.28629261633449327,1.361650049884636,2.157813349889432
1.3870378196638147,2.0524695803638986,1.012129473698807,-0.7631983366855729,0.9049559559030098
-0.660378463281599,-0.10752685518961902,0.20530814344714823,0.5607108992912397,0.032698906807289034
1.6015202028801088,1.2817434153796907,2.012622369710108,-1.2294760060037897,1.3194206097206655
0.44700917369710913,1.1138898387851608,0.5169696824979316,1.0037271516881576,0.38453624528052116
0.20105064590497623,-0.18046512992817498,-0.19298869796460136,0.9051525333599558,0.991440481920197
0.020085113947036073,-0.1817265105404576,0.5211293018797837,-0.14555176462043976,-0.6876534702106212
0.2629223858843617,0.37797147503011275,0.7804402782265811,-0.6498324985251536,0.41199817503519937
-0.16784372597047362,-0.790629896193849,-1.3083600807310023,-0.47360056013177226,-0.5426539117331111
-2.134525989979451,-1.4544209432716269,-1.3021344365119725,-0.8118793658267466,-1.884543755559228
-1.063663686071294,-1.8491588310476925,-0.8430806243545819,0.33709058301564193,-0.7977311174150007
-0.3574636495241127,-0.9327958093243622,0.5029455136705205,-0.011143931602640812,-0.16760778714047944
-0.38128414015198797,-1.4083428434663798,-0.9274714248795403,-0.0895881936097753,-0.27343719448100395
0.20423486017418277,0.17918038727002703,-1.794946488678185,-0.19653167951064,-0.29550676705816586
-0.40693042115023087,-0.4506388088235776,-0.3947148228005638,-1.81682344889652,-0.8356207941030427
-1.3780966692218197,-1.3000468851867697,-0.837797288507901,0.20950041352672488,-0.9191321283624894
-1.042225131707703,-0.8286177596750215,-1.4690792558341683,-1.0284982280889445,-1.0498388871080253
0.4812202640420498,0.049679508789176964,0.19735320887852378,1.5453861239855058,0.8583893056781783
0.25364545914851394,0.7056323703581483,2.060280237297996,-0.13455486992873952,0.4876255369214985
-0.16612610906419112,0.021034258627345263,-0.12217041188630509,-1.2884192296542936,-0.7030288707908884
0.14490071910447994,0.7060758618601971,0.8650370059342875,-0.48235726369218335,0.3959234485375752
-0.5860960495258755,-0.4214108951108395,-0.43555950166546703,0.579000914319607,-0.6546528274103067
-0.09283010913032692,0.1264949833554336,-1.160215903102421,-0.7328535088641722,-0.0885494617143112
-0.5288010469782258,-0.15205363088247714,-0.6674425888091392,1.3007959537678178,0.19760422215357887
-0.575700731726997,0.006611158271536457,-0.762145707271259,-2.8166925361289596,-1.3546515185872037
-0.02774909335535092,-0.05857161710316658,-0.0530945355416072,-1.4034265735678975,0.05296719267547586
-0.08286609502600198,0.27761459971276453,0.031272455347009114,0.09757709075503064,0.16517507933512862
-1.0021419466850041,-0.9487102020092357,-0.4530476917294122,0.9924650827829801,-0.4070560682844256
-0.7917275266119835,-0.8085518472588898,-0.77799018493365,0.48365081833955675,-0.5737781046748417
0.03679496935978393,0.3660762120106145,-0.37630929245975825,-0.9348086057270418,0.25915355631812714
-0.06605535372596971,-0.26148912092908017,0.09097328829324795,1.8149594711250967,-0.004291746966232175
-0.6112411811045109,0.3609581108513313,-1.0704988400062794,-0.888761149249753,0.041703819401848516
0.44818892278437805,-0.20317034802898148,-0.7058348828628834,0.9194279408630571,0.7671952822415311
0.08482813263469077,-0.5729542282630221,0.4530426861631132,-0.26688500251740527,0.245340005550709
1.8204239553688517,0.5744491212353002,1.8585531253489136,0.8030000650653109,1.8296243187245071
0.46110865362003306,-1.3640553843224437,-0.44972711416636374,0.1557945003997107,-0.6191016321993005
-0.26051460328281967,-0.8821756770382779,-1.117173552034873,-0.6318625659403939,-1.1044636345283376
-1.634572933660991,-0.8188930328369268,-1.4901456390910544,0.2653495823762136,-1.1973823186390204
-1.4547322217109486,-1.4907472106716164,-1.3431910566963647,-0.479193851195203,-1.9797579441638913
-1.8291152421564392,-0.521037476589927,-1.9427438809292144,-0.9150019961998586,-1.5635580044286934
0.2391827434381327,0.2576048842423986,-0.17218606311726306,-1.2054256593035013,0.08400294988824518
-0.43806004496705625,-1.3495583732863292,0.270285708470391,0.34059665509853093,0.22216888117023076
0.35016737130200853,0.8000300660998552,0.975099848526119,-0.28515394020233703,-0.6899694726759572
-0.44277134096206966,0.025200737451045712,-0.4805243919847566,0.7163510245415834,-0.15357970982241653
-0.519150769674216,-0.9034358623216908,0.06855039954413791,0.5708385581645198,-0.46867413028752286
-0.5430465694207747,-0.08954372908524771,-1.4012977579208308,1.24384617681577,-0.5220061483900111
2.605563091670595,1.180544739273757,2.174937674462204,0.5017887718390773,1.9203186515438646
0.4914389951315139,0.4868213143731804,0.07068976614946008,-0.02235997634366512,0.3158232500438136
1.2464239722456363,-0.0180452297766897,0.7736578212791283,-1.9393644539615085,0.013295613632651778
-1.4347146804055995,-2.5234997017186482,-1.6506716893484565,0.6521855882573534,-1.6282039513359612
-0.8998818863051032,-0.7646045535716974,-0.06615356179665566,-2.6774532177891563,-2.092594912067255
0.35979686601461164,0.3619108986553215,-0.24563664692654388,-0.6589828650868705,-0.4504261033972236
0.02673379860230426,-0.2603658698870876,0.31350522261195357,-0.7868050365045794,-0.18653985526030425
-0.4702779231092343,-0.18990156540508876,0.10635545580080193,-1.2597426893295085,-0.3563570485032125
-0.6349263606965129,-0.7096009229089884,-0.5442694714208453,0.28184608102445646,-0.033702412246303916
1.3868959494385975,1.266514489365027,0.9153468372969096,-0.22882949880718095,1.2412383802829072
1.5928630767392342,1.691106682087811,1.013100012046378,-1.6456859220874758,0.9224386486405718
-1.2087530021254658,-0.4337407594306011,-0.5951171569719567,0.5922601934932044,-0.6831147482754066
-0.32813004972885335,-0.7038100604810191,-0.29331627881784605,0.029344306655492633,-0.022967809997041212
1.9335530029373198,1.9361690463941945,1.373546427437074,-1.1919440956621172,1.024711832609008
0.999481531547503,0.18686080649304085,0.6409231683492804,-1.536093227974707,-0.34736436827521733
0.31362127945554535,0.3120196912177233,0.7549574861486879,0.9268156954216639,0.7734288660054447
-0.10379773111326943,0.27373578139403,0.18436062178372964,0.3362846957749857,-0.4302542094691027
-0.39685793271835906,0.026529715098609432,-0.8356260102071689,1.0674192159585345,-0.31108637869538835
-1.3099506469789772,-0.9682470263895187,-0.12412316932451677,0.8029983811390987,-0.1840997294972872
-0.9705322952964791,-0.9765411286669393,-1.269101639941737,0.5295604088326707,-0.5835566086056263
0.2545535044533428,0.08565054359243394,0.06831400434431958,0.24822622616773254,-0.13720458173752553
-0.5912000487460336,-1.345086803944305,-0.06100094493523248,1.0621450840216593,-0.2594712418030204
-0.5187281019038796,-0.8133428009829285,-1.4718630220322286,-0.14130382858727705,-0.49625733159009516
0.22439527352332342,0.05456134818144041,0.3764603783996705,-0.02705916342103549,0.10885601759683028
1.1797979147477438,1.511948494794162,0.26571061367531895,-2.663011447034346,0.13009279185840625
-0.19822979554682676,-0.5680633679340142,-1.1309273161051634,1.4456501373250308,-0.9586186121705419
1.480055223212507,0.19199976816241535,1.4726835611927966,-1.0316569056462221,0.3644964722802776
-0.39917732014795076,-0.44465766161176584,-0.6590571822473049,-0.2643501409723899,-0.41624668068104176
-0.06409440423026633,-0.459335624109379,-0.5945554748051632,0.2860550866617492,-0.33802914575693155
-1.1376008167260774,-0.5348723280153933,-0.38714093412201706,-2.726443001099472,-1.3207116083636143
-0.7215712658759815,-0.5507233001586284,-0.673158465545108,-0.6153298893890047,-0.7588364301632623
-0.12056108442077812,-0.4706374087297319,0.21477106885180208,-1.2542234954401632,0.050214629121373595
0.24033410261313093,1.0679806009376542,0.8708090639967596,0.5804691972211283,0.7078032752063141
-0.6460232959068543,0.4812211198770038,0.1601793722265674,-1.17990427422052,-0.5108403889774263
0.6782700405215689,1.2476270585773106,-0.5053441059206256,2.361500305115273,1.1591274121992452
1.0709054666036193,1.36063149267891,1.0076454028059656,-2.2554138500856022,0.7913911263202323
-0.2206102353662252,-0.28976528611015206,-0.34641726576768095,0.2399864144766782,0.9104418243906677
-0.4208300980647981,-1.11563692621909,0.09123787355250225,0.201169074985746,-0.2500616249390831
-1.105703668842036,-1.0389800346783529,-2.332719393776182,0.1406484013053188,-1.2065901422262446
0.8129294473783714,0.41336696451164684,1.9470812357618055,0.7417257972774512,0.8858805710552305
-1.6253186877691401,-0.2056337788989935,-0.7255778193053672,-0.05229938162655279,-1.4047591787986327
1.4715012810254022,0.5988946046053057,1.3569835158417236,-0.43197906158631705,1.006175787656183
2.052592938205235,1.2297565922880267,2.1755550243634323,-0.7143685807144944,1.5976161007378187
-1.0661905885409493,-0.7944216655139105,0.6496049750360794,-1.1292777263038585,-0.5706890111266693
-0.17140483909792192,-1.0054795955761913,0.5684569730468718,-0.34136170638478575,0.6115079833250916
0.08690322912080363,0.5945614420802787,0.7639821987038461,-0.5349598865028083,-0.052293786830454624
0.09408414547123546,-0.7781039358939444,-0.19733073987771177,0.30577638263930706,-0.29202363376022783
0.653647234139664,0.4505725605928398,0.4734607086210516,-0.3585563122145068,0.7232574094245611
-0.16378023685565335,-0.169399021555619,-0.2203666375796203,0.7114422998830576,-0.23540084752780543
-0.6088489209083285,-1.4012786453476798,-1.206152021403969,1.7790159011392837,0.10972957062993605
1.2105126330131541,1.4629534374969608,1.0557437354051111,-0.2287757390321891,1.9284934908627756
0.593856972448465,0.6784413645808687,-0.37186429169110025,-3.5755384302899884,-0.3660239287421383
0.3499075086104679,-0.2818726675147456,0.11999948763145475,0.5592561329432596,0.6335903565742794
-1.4136823523193827,-1.3128936551732335,-2.0889456738923706,-1.4035525881700823,-1.4169234735550709
0.4546175215993243,0.7292480662633382,0.7910676478898674,0.11422461702395308,1.1899892496722306
0.5289714654420081,1.554829549557851,0.7353641808366173,0.11112449637161381,0.8734057199710819
0.027108214387108313,0.20173601698987517,0.02012569840311796,-1.3916621524102233,-0.6779801577998968
1.7154083238302202,1.9884085648262027,0.910954069931454,-1.2393098087266994,0.4992534719411934
-1.049822009780701,-1.3313633892496695,1.1599839399906096,-0.9651733808679198,-0.9768988809226978
-0.640184218134607,-0.6450483825186244,0.11879037198557375,0.4581113252128888,-0.5624356055655951
-2.050388307710153,-1.847482006337928,-1.8903453823807541,0.7465661001110157,-1.4299233350614764
-0.39292945482988334,-1.1791423481959253,-0.030415357152506026,0.20860950124809277,0.03802675668056989
0.6499139749880476,-0.028532978157246352,0.2201084064027924,1.4833232434813355,0.6850776188268387
1.8138476160336954,2.5418322750870237,1.323967837073232,-0.4160070506427109,1.93619652481529
-1.1133635524252077,-0.09213867013502004,-1.4528517814757451,-0.971846642546318,-0.704602975102198
-0.2385115867765345,0.2150401370316219,0.29918924652868323,0.1368646594755384,-0.263527980679798
-0.9226400805412323,-1.4810060045352045,-1.2367855269700943,-1.7843452012392407,-1.5097722961340496
0.3464739761495171,0.5281379951297263,1.0226697426090812,-0.7910346248452638,-0.3765904355785261
1.6694936246395946,2.4720020401928315,2.8368678931124824,-1.7188957784975727,2.260130289373178
-0.307192127626703,0.19856655968002798,1.1893667554986518,1.8096576056510347,0.9281842984816503
-1.3561229194927058,-1.8793945864356825,-1.4625233279585257,-0.13131855972175913,-1.5192855644346461
0.5840093167269369,0.09349323670772323,0.7282268331785968,-1.6325090385020624,0.031063551517007508
-0.5151791112039082,0.46631853030526677,0.8324880425101698,-1.0563749535649807,0.35937863528389113
1.366519614204582,1.8332454639136475,1.1516766948221742,0.5780709830550289,1.0776133023365169
-0.24801451788188558,-1.0840310387812528,-0.4458968876385487,-1.142435821362413,-0.7039601243264595
0.39569134909035664,-0.26123526459188734,0.8848647165617668,-0.025582480780605283,0.470496864100739
-0.0019264189157645467,0.3593071409621876,0.31336675361089206,-1.7963631055599312,-0.23949344693112742
0.9361892814467252,1.325737309600435,1.1450422187687224,-0.5416022083297567,0.560287748508616
0.9437714532605109,1.1990530536956916,0.3385494516031031,-0.0331985571194229,1.0920202525142266
-0.41390196096926607,0.7051048449618393,-0.3784631631045985,0.35509916173540795,1.0261931371724218
0.8004670052150142,0.2154916912743942,0.19687896105799846,-1.4560859424386303,-0.06288110667524963
0.8699707896984671,-0.21938379846954797,0.6907728886513849,-1.3341329630279941,0.6400473030800763
1.1522380516568411,0.8139720393133147,0.29341462392587886,-0.2197402226974541,0.5264120919232992
1.6327884969190674,0.9265314231243648,0.2630178144373092,0.2244591530204984,-0.09962486084478936
-1.074715713315693,0.5396073090930696,-1.2654943311323912,-0.9045431007248953,-0.5323684161580262
1.5773835577234374,1.0325537630334145,0.18109542982832103,1.4113203789531394,1.0754698750389968
1.1013715932579653,1.360761260127533,1.5095784926676559,-0.00535878082013759,1.0988884834036903
-0.76121678996393,-0.5615918466281196,-0.3829253323772793,0.9534572865216056,-1.1144099346272514
0.6102061761729228,0.18528069913182058,0.34364595095000383,0.2956405604585723,0.9329699305182166
-0.7047733255843898,-0.5274436440501783,-1.0636169296680604,-1.4264105409664336,-0.5552638545346216
0.42906370435459684,1.33709214131825,-0.05058214733964612,0.5571735677945431,1.0029284469739992
1.267923030624721,0.5763116860866928,0.8485476452981001,0.4779456899301954,0.8914389736416092
-0.507670032242017,1.0001781646710632,0.45069725539120054,-0.5540654631207965,-0.11859443177029104
0.49959144045585147,-0.02220670773664518,0.7804465550899895,0.10427925478438206,0.39294097265603856
-2.159329729075216,-0.8896098563498553,-2.032508676415256,-0.4732482952574437,-2.4051505241933424
-0.5157281453024244,-0.6163594714009126,-0.708115395216471,-2.825778669206775,-0.6177732153570175
-0.39116190996804556,0.40886929510325815,0.03373427597646061,-0.09139671480621205,-0.8434692072594987
2.1594480674576495,1.3169227667727628,1.1045039274482116,-1.1847375614654618,1.1365119529167769
0.49621564208431296,-0.48534510589439955,0.2783864976986125,1.2433547588520744,0.6968669712454556
1.508291317726483,1.0263209473898227,1.9890986383413118,0.8780153826486466,2.1806261367134545
0.24027338055491418,0.9568808374469638,0.9557941629606489,1.1104618952324044,0.4517705437024508
1.7280251921834204,0.9130496696054446,1.4406329658099633,0.048836361398947245,1.5370497509997663
-0.9114213510786625,-1.5643832870233918,-1.7005024640443456,-1.5395369731330737,-1.3481419512611206
0.5084983749014862,-0.04395939148237702,0.048490920671541024,-0.8816340507080812,-0.6249408381280032
-0.0924181389142536,0.1358986085567595,0.6731952759993742,-0.2106936028420246,-0.5858992938708396
-0.02693011001000383,0.2185997948310957,-0.4040285863541429,-1.4877922295745452,0.11068663007624956
-0.46673293619125167,0.09783583817823256,0.3869565599394691,0.6005974954134378,-0.07531139386300115
0.2860497589519922,-0.06893407937909234,0.6649089396347982,-0.9166452590609934,-0.3392530712179252
-0.5982901017107913,1.2000179148704093,0.7962203220027779,-1.6763565198155002,-0.9813384330520813
-0.16981285316156708,-0.4612858885220297,-0.21353075130000057,0.9451994316292835,-0.2018130178324542
-0.6319529598707073,-0.48379825072725874,-0.08439867515201238,-0.3235659351766601,-0.7614140862749831
-0.49106405721408014,-1.4144626057557081,0.43727523551460146,0.569919972466995,-0.4418208065489279
2.086453346770438,1.4738772076543596,2.0887227377176285,-0.44626827219385495,1.8818502065888716
-1.6795781665432097,-1.7383812161697132,-1.8417965073086895,-0.2780818154853511,-2.006469696182785
-1.9722691802495966,-0.787427079199776,-1.8887542418961931,-1.8955724285039117,-2.4488591505456783
0.15096176985805604,0.43476432445374197,0.25695275193624584,-0.10666720656406813,-0.32346946361525
2.3507062983790625,0.9181100011197199,0.8558355332309622,0.8271663784773817,1.7452891709028493
1.3533396933033435,0.681674666380303,0.7818601992071307,1.1766030860455663,1.2538189301464207
-0.8807969444458378,-0.5061911228305483,-0.3474691297497998,-1.0787207999979878,-1.5661654387490576
1.5320962699386627,2.4954087719494713,0.2576002836672313,-0.788196903071843,1.6446080247090102
-1.7681744814658678,-0.8318829421433089,-0.36059070439848484,0.5385749366227344,-1.2439777136782695
-1.495629499271906,-1.3764624522285929,-0.9708625037335794,-0.42833773007098425,-1.453024969988678
2.09910500301785,1.2519228860120617,1.2812371780533283,1.9880524631250363,2.5454169202193877
-0.7803512336553604,-0.7172357607698168,-0.7688399977967402,-0.529426978656723,-1.476884697611685
-0.9252209945069015,-0.044615014821876214,-0.6247704063705729,1.3886645040806662,-0.13975186241227858
0.6799412338844896,-0.06300175893938009,1.442167507501301,-0.8472758057765268,0.6351452517292532
0.16770362520314838,0.3353604125760114,1.257521573125321,1.2942960583312342,0.8699803972166558
-0.5815879287268919,-0.8797595644536068,-1.2074731943572903,1.7436904625334904,-0.605914516588335
-0.5285353749293387,-0.7240824824590012,-0.43632925343899426,-0.02408449752455629,-0.6653164544690764
0.23590836417244845,1.225864693178043,0.29598626461305594,-0.030240199046922142,0.3490387777035428
0.8305874463591517,0.23994926324984586,0.6234898305553224,0.020582465662019156,0.8297824097465961
-0.3973988791947736,-1.5768362637577265,-0.6857023573072583,-0.97015667642081,-0.18774901419477313
1.8528013774730667,1.4122727367747252,2.6365577545869705,0.07222023834284404,1.1380738757508446
-1.510419512932534,-0.4852112015584441,-0.33937408114282996,0.8654912782434943,-0.7567960853899722
-1.0043372216902704,-0.8052487112243102,-1.368223373818459,0.5285687232679144,-1.0672228389007223
-1.6761590413773135,-0.3446338547079961,-1.320374536877619,1.088866355429683,-0.2969203507358101
0.48021256368739595,0.15902940601300172,0.2557974628835355,-0.34807763743865844,0.7451613702169901
-0.47533758315751945,-0.5773455645290265,0.38964402100513373,-0.9037883638135275,0.19534241091651564
-0.8247149262112776,-0.5304034541750006,-0.8915722241280714,-1.1874606785288202,-1.9448385037653413
1.210229494928662,0.20653532293693244,1.5796041647024384,0.592738021311433,1.4328541899218314
-1.3835618162520136,-0.09188795050749568,-0.8730124131393479,-0.31546385598272486,-1.8663717684880619
1.2387195910090765,1.2161546545840471,1.2784678291871743,-0.4778283639829518,0.11129821072870288
-0.7967178998997437,-0.6248134276818685,-0.1659309653873525,0.10113677195883705,-0.8179839095355694
2.2160659117002663,0.9772864839367928,0.6072038380317818,0.8947902916398921,1.3280080983443732
-0.6718307660966626,-0.5350886089708495,-0.9066057953347716,-2.2852034517481976,-1.5775123650718887
1.9974644638083854,1.2631803936860007,2.4324731156679977,1.4576025461894142,3.162818055274327
1.3904861004625366,1.413477118271488,0.860719840622014,0.1568829129006515,1.7262376536170048
0.026319854197187322,0.5073111158134842,0.7071287998413284,1.3087030646773223,0.40549907654034145
0.12067247940106066,0.04776860020676335,0.22493747805715586,-0.6572050903453949,0.5208890842232572
0.9267536379993117,2.191417366043674,0.4540407552905126,1.0387452931570231,1.0080321328181985
0.20427681362119215,0.33182739656751226,0.2968057746783758,0.3388319499532337,0.5884681212643399
0.48770281284087996,1.1873204278379488,0.9791249731752726,-0.6350460377088926,0.8061740365585137
0.6222525955941993,-0.25546062904576944,-0.20796098932369766,1.2611799870868876,0.3796145292449357
1.0262542627532045,1.3483222575719676,0.912519969854758,-0.3185623398369261,0.981994536788127
-0.5725815917700763,-0.4556834532740385,-1.1541716691662838,0.8037159558681761,-0.7523768308720453
1.0606686638427978,0.277373300430721,1.8617910816498378,0.0278315880858145,0.8630153894980688
-0.845739354347517,1.013860056942877,-0.3148837695748642,0.2303398082862336,-0.2582708323267638
-0.43496204705996183,-0.04699300855201237,0.3643222598476423,0.7549819039796236,0.19648915798256586
-0.29904734230203117,0.049489914606203854,1.2655223921808418,0.96371715144048,0.25949536286420644
-2.2836751588479687,-2.190898553168832,-1.9525085222398229,-3.2231644255638785,-2.871133376782657
0.48590890977834905,1.0568163355019127,0.29422612241523277,0.5645489926664802,1.3932610579563034
0.24897446631989792,-0.43071810476627104,-1.6327480082088468,-0.8152117677932288,-0.03227330275337253
-0.09296097745468482,-0.18738135763312874,-1.2216627094366053,0.5623967231596005,-0.04270894007131633
-1.7161690961275398,-1.5495689151734053,-2.369928859556114,0.3251988033354468,-1.4923850807525236
0.6764157705147288,0.28109558210743385,1.0142141741016322,1.7834720100383914,0.65570989326036
-1.7125990087795773,-0.8085113699152159,-1.229032631211487,1.7647743825093631,-0.5040392892695473
-1.540399845475373,-1.2247943010990874,-1.2853081005027729,0.5067560423413825,-1.2833500547048817
0.8385676690273952,0.11790358409275206,-0.6027185867264907,0.34613678890616106,0.2854133136476461
0.09812569867755323,1.0351304754141508,-0.6325012093951393,-1.5463130295265148,-0.6806594773184375
-0.057056323929908066,0.7684269934624094,0.15670260465116037,-0.20515985161223751,-0.6433360301506234
-0.908499224057701,0.7762239998177987,-0.83639118502196,1.3641485556209072,-1.206996302012108
0.49763961813307633,-0.40961732676939466,0.27066884250654943,0.7902933555257388,0.4617951779580843
-0.1063217074544123,0.42952073909730043,0.7690668389689934,1.5326944327992542,0.4324595600759529
-1.0114107572817734,-1.950903386331982,0.3722882966874854,0.46456265918259865,-0.4541966866329274
1.4849535982522832,1.721848302965337,1.2689699153995089,-0.527038926755295,1.1061276588089708
0.954094924067905,0.5314581647154861,0.8952949876369449,0.09240970310845077,1.3410189303900721
-0.9955018576959366,0.6669554669719071,-0.3667569359348006,0.07414370913119599,-0.7208567178874301
1.0650069521189531,-0.2992282348045931,1.6300496306254766,0.1003289531383163,0.29179986486902393
1.0982293741136495,-0.5479188528922873,-0.7376106757050063,0.7634653019909766,0.8426465788186925
-1.0097495712580997,-1.6572380666666184,-0.7105096912475449,1.3889549935575167,-0.44395525358558313
0.45039896294754195,-0.9390196299540049,0.30295646641053936,0.14290814927183754,0.9686390170643396
-0.2630360412905645,0.0964788993821249,0.16925794260615745,1.0248383395699512,0.3483357415870501
-0.9779197195159615,-1.871959571883484,-0.9572990052052597,1.204146407439658,-0.5098139713783346
0.3583857076948043,0.1280072656970245,0.26137341955402543,0.8155899324596934,0.5757455660079206
1.4229417490968506,0.21066030812856618,1.6761705495646282,0.07764642682458114,1.1505837700998203
-0.4986061974853337,-0.0017489459196627906,1.871946980762092,-1.5229353632830311,-0.5184339511510162
-0.47745612836766554,0.393394956637113,-0.022865651877606755,0.5480787756359788,-0.534895748136159
-0.08843369173599958,0.37609495508404117,-0.46859677951050654,-1.3424991730751417,-0.24172566638585247
